observer,site,r_class,n_spectra,n_dates,median_gap_d,max_gap_d,R_min,R_median,R_max,lambda_min,lambda_max
JRF,MTP-US,low,36,36,1,34,410,484.5,801,3680,1.002e+04
JRF,MTP-US,high,26,26,2,23,1.079e+04,1.349e+04,1.493e+04,6481,6642
EBE,SSO-FR,low,13,13,6.5,23,480,559,574,3666,7527
XDU,SRO-FR,high,13,13,2.5,11,1.448e+04,1.534e+04,1.554e+04,6500,6700
FAS,DCO-US,low,10,10,4,15,913,999,1022,3682,7271
TDW,TBO-US,low,9,9,9,28,586,590,888,3750,7302
KSH,OAK-US,low,8,8,14,29,1000,1000,1000,3850,7250
CBO,OCT-FR,low,8,8,7,53,511,513,519,3700,7396
SARO,PRO-IT,low,8,7,11.5,53,891,1000,1429,3800,8001
FTE,SMM-SP,high,7,7,10.5,29,9000,9000,9000,3850,8700
DBO,WCO-UK,high,7,7,5.5,16,7707,1.041e+04,1.113e+04,6260,6700
ALE,NSH-FR,low,6,6,2,63,570,782.5,863,3800,7350
RLE,THO-UK,high,5,5,18,21,1.3e+04,1.444e+04,1.486e+04,6481,6635
CDZ,ELG-SP,low,5,4,17,21,600,1115,1439,3600,7571
RLE,THO-UK,mid,4,4,1,4,5070,5202,5266,6235,6859
PAD,KOL-SK,high,3,3,52.5,97,1.07e+04,1.1e+04,1.1e+04,4300,7499
RLE,THO-UK,low,3,3,48,94,518,840,940,3800,7570
JDH,IUSB-US,low,3,3,32.5,51,520,523,523,3750,7401
EBE,SSO-FR,high,2,2,65,65,1.452e+04,1.475e+04,1.497e+04,6500,6688
DBO,WCO-UK,low,2,2,11,11,1102,1134,1165,3900,7381
GSTD,ERB-DE,low,2,2,28,28,509,524,539,3700,7500
JGF,SMM-SP,high,1,1,nan,nan,9000,9000,9000,3787,9400
GBE,LAM-FR,low,1,1,nan,nan,750,750,750,3600,7149
CDZ,ELG-SP,mid,1,1,nan,nan,3631,3631,3631,6064,7074
PLO,PIS-FR,high,1,1,nan,nan,1.382e+04,1.382e+04,1.382e+04,6457,6796
JBD,OSJ-CA,low,1,1,nan,nan,550,550,550,3800,7407
PAD,KOL-SK,mid,1,1,nan,nan,2057,2057,2057,5100,7200
CLC,ASA-FR,low,1,1,nan,nan,600,600,600,5500,7000
PAD,KOL-SK,low,1,1,nan,nan,1649,1649,1649,5100,7200
