observer,site,n_classes,n_spectra,n_dates,median_gap_d,max_gap_d
JRF,MTP-US,2,62,49,1,20
EBE,SSO-FR,2,15,15,6.5,23
XDU,SRO-FR,1,13,13,2.5,11
RLE,THO-UK,3,12,12,4,32
FAS,DCO-US,1,10,10,4,15
DBO,WCO-UK,2,9,9,4.5,16
TDW,TBO-US,1,9,9,9,28
KSH,OAK-US,1,8,8,14,29
CBO,OCT-FR,1,8,8,7,53
SARO,PRO-IT,1,8,7,11.5,53
FTE,SMM-SP,1,7,7,10.5,29
ALE,NSH-FR,1,6,6,2,63
CDZ,ELG-SP,2,6,5,9.5,19
PAD,KOL-SK,3,5,4,15,97
JDH,IUSB-US,1,3,3,32.5,51
GSTD,ERB-DE,1,2,2,28,28
JGF,SMM-SP,1,1,1,nan,nan
GBE,LAM-FR,1,1,1,nan,nan
PLO,PIS-FR,1,1,1,nan,nan
JBD,OSJ-CA,1,1,1,nan,nan
CLC,ASA-FR,1,1,1,nan,nan
