month,aras_spectra_all,aras_spectra_ha,aras_dates_ha,aras_observers_ha,aras_R_median,aras_spectra_lowR,aras_dates_lowR,aras_spectra_midR,aras_dates_midR,aras_spectra_highR,aras_dates_highR,aras_dates_ha_strict,rlmt_frames_labelled,rlmt_dates_labelled,rlmt_frames_dispersed,rlmt_dates_dispersed,rlmt_dates_dispersed_hrg,rlmt_dates_dispersed_lrg,rlmt_dates_dispersed_6,rlmt_dates_dispersed_W
2023-01,0,0,0,0,nan,0,0,0,0,0,0,0,0,0,0,0,0,0,0,0
2023-02,2,2,2,2,691.5,2,2,0,0,0,0,2,0,0,0,0,0,0,0,0
2023-03,4,4,4,3,550.5,3,3,0,0,1,1,3,0,0,0,0,0,0,0,0
2023-04,23,22,16,11,775,20,14,0,0,2,2,15,0,0,0,0,0,0,0,0
2023-05,36,29,18,11,1019,24,16,0,0,5,5,17,8,6,6,4,0,0,4,0
2023-06,37,32,24,10,987,26,20,0,0,6,6,22,0,0,0,0,0,0,0,0
2023-07,41,39,22,12,1004,32,21,0,0,7,7,22,0,0,0,0,0,0,0,0
2023-08,25,22,12,12,941,14,11,0,0,8,6,12,0,0,0,0,0,0,0,0
2023-09,17,16,12,10,995.5,12,10,1,1,3,3,12,0,0,0,0,0,0,0,0
2023-10,11,11,9,5,1025,9,8,0,0,2,2,9,0,0,0,0,0,0,0,0
2023-11,1,1,1,1,9000,0,0,0,0,1,1,1,0,0,0,0,0,0,0,0
2023-12,0,0,0,0,nan,0,0,0,0,0,0,0,0,0,0,0,0,0,0,0
2024-01,2,2,2,1,961,2,2,0,0,0,0,2,0,0,0,0,0,0,0,0
2024-02,5,5,3,2,554,3,2,0,0,2,2,2,0,0,0,0,0,0,0,0
2024-03,25,22,18,12,1474,16,14,0,0,6,6,15,16,8,10,7,0,0,6,4
2024-04,76,71,24,13,1011,41,23,0,0,30,19,23,0,0,0,0,0,0,0,0
2024-05,136,128,30,19,988.5,87,28,0,0,41,24,29,0,0,0,0,0,0,0,0
2024-06,104,99,29,19,1000,58,26,0,0,41,26,28,0,0,0,0,0,0,0,0
2024-07,103,98,31,22,1000,61,28,0,0,37,25,31,0,0,0,0,0,0,0,0
2024-08,94,86,29,22,714.5,62,27,1,1,23,15,27,0,0,0,0,0,0,0,0
2024-09,70,70,29,11,1000,56,28,0,0,14,11,29,0,0,0,0,0,0,0,0
2024-10,38,34,23,8,1000,33,22,0,0,1,1,23,0,0,0,0,0,0,0,0
2024-11,21,21,17,5,993,19,17,0,0,2,2,17,0,0,0,0,0,0,0,0
2024-12,12,11,10,6,553,10,9,0,0,1,1,10,0,0,0,0,0,0,0,0
2025-01,27,27,21,8,504,24,20,0,0,3,3,21,0,0,0,0,0,0,0,0
2025-02,36,33,20,9,1000,19,16,1,1,13,10,16,11,3,11,3,1,3,0,0
2025-03,69,51,25,14,614,34,24,1,1,16,14,24,36,10,31,10,10,8,0,0
2025-04,54,50,24,13,944.5,33,21,1,1,16,11,22,86,18,77,18,15,17,0,0
2025-05,54,47,24,14,1439,24,18,4,4,19,15,21,65,15,42,15,14,9,0,0
2025-06,28,28,19,13,934.5,21,16,0,0,7,6,19,49,14,44,13,11,11,0,0
2025-07,44,41,20,12,736,39,19,0,0,2,2,19,0,0,0,0,0,0,0,0
2025-08,32,30,19,14,820,24,17,0,0,6,6,18,0,0,0,0,0,0,0,0
2025-09,20,20,15,9,9000,8,7,0,0,12,11,14,0,0,0,0,0,0,0,0
2025-10,18,18,13,3,508.5,10,9,0,0,8,8,13,0,0,0,0,0,0,0,0
2025-11,4,4,3,2,461,3,3,0,0,1,1,3,0,0,0,0,0,0,0,0
2025-12,0,0,0,0,nan,0,0,0,0,0,0,0,0,0,0,0,0,0,0,0
2026-01,12,12,12,2,1094,12,12,0,0,0,0,12,0,0,0,0,0,0,0,0
2026-02,22,21,16,3,957,17,14,0,0,4,4,16,0,0,0,0,0,0,0,0
2026-03,22,21,12,9,1133,13,10,0,0,8,7,12,0,0,0,0,0,0,0,0
2026-04,47,46,19,17,1004,33,18,0,0,13,9,19,0,0,0,0,0,0,0,0
2026-05,38,35,23,9,1154,27,21,0,0,8,6,23,0,0,0,0,0,0,0,0
2026-06,34,34,22,11,1165,23,20,0,0,11,11,22,0,0,0,0,0,0,0,0
2026-07,31,28,22,6,1166,23,19,0,0,5,4,22,0,0,0,0,0,0,0,0
2026-08,28,28,19,8,1167,18,15,0,0,10,9,19,0,0,0,0,0,0,0,0
2026-09,7,7,7,5,757,5,5,0,0,2,2,7,0,0,0,0,0,0,0,0
