candidate,sep_arcsec,ra,dec,FUVmag,e_FUVmag,NUVmag,e_NUVmag
Dw1403+4924,1.854,210.829499,+49.415468,20.4663,0.1825,19.7337,0.1327
Dw1403+4924,4.590,210.829903,+49.416182,21.0838,0.3753,20.0909,0.1822
Dw1403+4924,13.941,210.824923,+49.417713,,,21.7289,0.4098
Dw1403+4924,27.543,210.839496,+49.411340,21.1812,0.2107,21.0410,0.2387
Dw1441+5136,4.034,220.484056,+51.610905,,,21.0425,0.2414
Dw1441+5136,23.106,220.492156,+51.606034,,,22.2223,0.3802
dw1446+58,5.504,221.504633,+58.569570,20.3926,0.2789,20.2224,0.1864
Dw1459+44,2.860,224.909569,+44.673793,17.0516,0.0356,16.9071,0.0236
Dw1533+67,2.077,233.366784,+67.758626,19.3560,0.1403,19.0587,0.0852
Dw1539+4515,4.285,234.857356,+45.252232,,,19.1741,0.0695
Dw1539+4515,29.125,234.846595,+45.249736,,,17.2668,0.0210
Dw1558+67,2.113,239.694312,+67.858587,18.4571,0.0914,18.1738,0.0568
Dw1608+4058,3.739,242.079537,+40.969646,21.6304,0.4074,20.7231,0.2140
Dw1615+5422,3.166,243.926889,+54.367297,19.0414,0.1399,19.0231,0.0485
Dw1615+5422,27.410,243.934483,+54.372986,,,22.1733,0.2664
Dw1643+0749,16.147,250.850056,+07.825184,,,21.6788,0.2999
Dw1643+0749,28.891,250.855325,+07.817009,,,20.2875,0.0994
Dw1643+0749,29.853,250.862401,+07.827955,,,21.4618,0.2442
Dw1645+46,2.619,251.452504,+46.790667,19.7093,0.1283,19.4753,0.1049
Dw1721+7140,4.055,260.436166,+71.682446,19.9759,0.1994,18.5605,0.0503
Dw1735+57,1.524,263.894778,+57.813333,18.3494,0.1009,18.1465,0.0510
