date_ut,ew_abs_A,ew_err_A,instrument,source
2021-04-01,27,,Rozhen 2 m ESpeRo,https://www.astronomerstelegram.org/?read=16214
2023-07-29,5.8,,Rozhen 2 m ESpeRo,https://www.astronomerstelegram.org/?read=16214
2023-08-27,3.2,0.5,Rozhen 2 m ESpeRo,https://www.astronomerstelegram.org/?read=16214
2024-08-21,11.9,0.6,Rozhen 2 m echelle,https://www.astronomerstelegram.org/?read=17075
2024-08-22,11.2,0.6,Rozhen 2 m echelle,https://www.astronomerstelegram.org/?read=17075
2025-01-18,12.5,0.6,Rozhen 2 m echelle,https://www.astronomerstelegram.org/?read=17075
2025-03-03,10.2,0.7,UCF 0.5 m OPASpec,https://www.astronomerstelegram.org/?read=17110
2025-03-07,5.5,0.4,UCF 0.5 m OPASpec,https://www.astronomerstelegram.org/?read=17110
2025-03-09,21.8,1.0,Rozhen 2 m echelle,https://www.astronomerstelegram.org/?read=17075
2025-03-19,13.1,1.0,UCF 0.5 m OPASpec,https://www.astronomerstelegram.org/?read=17110
