field,candidate,ra_hms,dec_dms,first_listing,morph_lit,a_arcmin,b_over_a,B_mag,BV_mag,v_hel_kms,v_err_kms,v_method,v_ref,D_Mpc,D_method,S_HI_Jykms,W50_kms,logMHI,logMstar,m_fuv_pub,m_fuv_ref,spec_emission,spec_ref,halpha_flux_lit,halpha_ref,association,lvgdb_id,notes
Dw1403+49,Dw1403+4924,14:03:19.0,+49:24:54,Nazarova2025,,,0.72,18.94,0.54,2033.0,1.3,HI GBT,Nazarova2025,32.2,NAM,0.29,23.5,7.85,7.50,,,,,,,"16 arcmin from Sa NGC 5448 (Vh 2016 km/s) [Nazarova2025 notes]",,"FASHI independent V=2022.5 km/s (Nazarova2025 Table 3). SIMBAD cross-id SMDG J1403191+492455."
Dw1409+51,Dw1409+5113,14:09:13.0,+51:13:30,KKK2023,dIrr,1.70,0.58,18.97,,1952,,HI VLA,Fielder2023,31.59,NAM (LVGDB),1.08,,,,,,,,,,"UGC 9050-Dw1: companion of UGC 9050 (Vh 2001 km/s, D 32 Mpc); proposed M 101 member at 6.95 Mpc in KKK2023, withdrawn in the same paper's footnote",1532,"HST/ACS + VLA study (Fielder2023): disturbed, globular-cluster-rich background UDG. Not a GBT target. GALEX NUV 20.09 (KKK2023). LVGDB lists V=1938."
Dw1418+46,Dw1418+4607,14:18:31.5,+46:07:51,Nazarova2025,BCD,,0.63,18.21,0.60,1825.3,1.4,HI GBT,Nazarova2025,28.6,NAM,0.42,26.5,7.91,7.76,,,,,,,"isolated; projected on a distant galaxy pair [Nazarova2025 notes]",,"FASHI V=1829.5 km/s."
Dw1441+51,Dw1441+5136,14:41:56.6,+51:36:40,Nazarova2025,,,0.57,19.56,0.69,,,,,,,,,,,,,,,,,,,"GBT HI non-detection (Nazarova2025 Table 2; S_HI < ~0.09 Jy km/s). No velocity in Nazarova2025, KCK2025, Chazov2026, LVGDB index, SIMBAD or NED (15 arcsec cone, 2026-10-03)."
Dw1446+58,dw1446+58,14:46:01.0,+58:34:05,Muller2017,dIrr,0.42,0.65,18.80,0.59,2300.3,2.8,HI GBT,Nazarova2025,36.8,NAM,0.51,47.1,8.21,7.73,,,,,,,"probable member of the scattered group around Sb NGC 5777 (Vh 2139 km/s) [Nazarova2025]; listed as M 101 group candidate (mem, 6.95 Mpc) in KKK2023 Table 2",1160,"FASHI V=2299.4 km/s. SIMBAD cross-id SMDG J1446012+583406."
Dw1459+44,Dw1459+44,14:59:38.4,+44:40:23,KKKK2024,BCD,1.43,0.95,16.09,0.47,732.4,1.1,HI GBT,Nazarova2025,14.5,NAM,5.16,80.1,8.40,7.84,17.02,KKKK2024,yes (SDSS fibre spectrum; velocity 683-743 km/s),KKKK2024;SIMBAD,,,"16 arcmin west of BCD UGC 9660 (Vh 608 km/s, TRGB 10.76 Mpc)",1585,"= LEDA 2249481 = SDSS J145938.25+444022.7; SIMBAD rv 742.6 km/s (bibcode 2009ApJS..182..543A). FASHI V=732.8. Double-horn HI profile."
Dw1533+67,Dw1533+67,15:33:28.1,+67:45:29,KKKK2024,Irr,0.83,0.46,17.57,0.54,397.6,0.6,HI GBT,Nazarova2025,10.1,NAM,0.41,21.4,6.99,7.04,19.36,KKKK2024,,,,,"isolated dIrr; 55 arcmin from dIrr UGC 9992 (Vh 423 km/s, TRGB 11.27 Mpc)",1587,"Local Volume member (D_NAM < 12 Mpc)."
Dw1539+45,Dw1539+4515,15:39:25.9,+45:15:04,Nazarova2025,dIrr,,0.34,17.97,0.61,2605.6,2.5,HI GBT,Nazarova2025,40.3,NAM,0.66,60.6,8.40,8.17,,,,,,,isolated dIrr with patchy structure,,"FASHI V=2607.5 km/s."
Dw1558+67,Dw1558+67,15:58:46.8,+67:51:29,KCK2025,BCD,0.59,0.87,16.75,0.47,-25,10,optical BTA,KCK2025,3.1,NAM,,,,,,,yes (BTA SCORPIO long slit; emission),KCK2025,,,"isolated BCD, near side of the Local Void",1671,"GBT HI non-detection attributed to confusion with Galactic HI (Nazarova2025)."
Dw1559+46,Dw1559+46,15:59:02.6,+46:23:40,KKKK2024,Irr/BCD,0.60,0.88,17.10,0.43,76.7,0.4,HI GBT,Nazarova2025,3.3,NAM,1.42,28.5,6.56,6.09,,,yes (BTA SCORPIO long slit; emission; V=67+-10),KCK2025,,,"isolated, near side of the Local Void",1588,"Local Volume member. No GALEX FUV magnitude in KKKK2024 Table 1."
Dw1608+40,Dw1608+4058,16:08:19.4,+40:58:12,Nazarova2025,dIrr,,0.87,18.89,0.39,1982.1,1.0,HI GBT,Nazarova2025,30.9,NAM,0.48,28.5,8.03,7.25,,,,,,,"possibly in the group of Sab UGC 10200 = Mrk 1104 (Vh 1991 km/s)",,"SIMBAD cross-id SMDG J1608193+405810."
Dw1615+54,Dw1615+5422,16:15:42.1,+54:22:03,Nazarova2025,peculiar spiral / interacting pair,,0.82,18.09,0.38,3697.3,0.7,HI GBT,Nazarova2025,57.1,NAM,1.81,52.2,9.14,8.10,,,,,,,,,"Not a dwarf: 'a peculiar spiral or an interacting binary system' (Nazarova2025). FASHI V=3703.8. SIMBAD cross-id SMDG J1615425+542204. NED (2026-10-03) lists a DESI redshift z=0.0599 (bibcode 2024AJ....168...58D) for WISEA J161543.18+542205.3, 3 arcsec away: a background galaxy is superposed, so the optical object and the HI source may not be the same system."
Dw1617+46,Dw1617+4609,16:17:35.8,+46:09:32,Nazarova2025,dIrr,,0.48,19.28,0.47,,,,,,,,,,,,,,,,,isolated dIrr of low surface brightness,,"GBT HI non-detection (Nazarova2025 Table 2). No velocity in Nazarova2025, KCK2025, Chazov2026, LVGDB index, SIMBAD or NED (15 arcsec cone, 2026-10-03)."
Dw1633+69,Dw1633+6906,16:33:01.4,+69:06:04,Nazarova2025,,,0.85,18.00,0.59,1122.9,1.1,HI GBT,Nazarova2025,19.6,NAM,0.85,35.8,7.88,7.50,,,,,,,,,
Dw1643+07,Dw1643+0749,16:43:25.1,+07:49:30,Nazarova2025,,,0.30,18.84,0.51,1434.6,1.5,HI GBT,Nazarova2025,19.6,NAM,0.19,18.4,7.23,7.07,,,,,,,,,"Provenance question of the 2026-08-16 strategy resolved: it is a GBT/23B-032 target like the others."
Dw1645+46,Dw1645+46,16:45:48.5,+46:47:24,KKKK2024,Irr,0.74,0.67,17.61,0.52,-21,10,optical BTA,KCK2025,2.9,NAM,,,,,19.71,KKKK2024,yes (BTA SCORPIO long slit; emission),KCK2025,,,"isolated dIrr semi-resolved into stars, near side of the Local Void",1589,"GBT HI non-detection: line masked by Galactic HI (Nazarova2025)."
Dw1709+74,Dw1709+74,17:09:45.6,+74:10:44,KKKK2024,Tr,1.39,0.81,17.17,0.97,1325.4,2.9,HI GBT,Nazarova2025,21.8,NAM,0.41,48.3,7.65,8.48,21.35,KKKK2024,yes (BTA SCORPIO long slit; emission; V=1298+-10),KCK2025,,,,1590,"Flagged 'probably a distant dwarf' at discovery (KKKK2024)."
Dw1721+71,Dw1721+7140,17:21:45.4,+71:40:59,Nazarova2025,,,0.68,17.25,0.60,1076.1,0.6,HI GBT,Nazarova2025,18.6,NAM,1.58,36.2,8.11,7.77,,,,,,,,,
Dw1735+57,Dw1735+57,17:35:34.6,+57:48:47,KKKK2024,Irr/BCD,0.69,0.66,16.75,0.53,42.9,0.4,HI GBT,Nazarova2025,4.4,NAM,0.90,25.7,6.61,6.64,18.35,KKKK2024,yes (BTA SCORPIO long slit; emission spectrum reproduced as Fig. 1; V=42+-10),KCK2025,,,"isolated BCD, near side of the Local Void",1591,"Local Volume member."
