key,citation,identifier,how_verified
Nazarova2025,"Nazarova, A. E., Cannon, J. M., Karachentsev, I. D., Makarov, D. I., Chazov, M. I., Schisgal, L., St. John, W. 2025, AJ, 170, 23: '100 Proof: HI Observations of 100 Nearby Dwarf Galaxies with the 100-meter Green Bank Telescope'",arXiv:2505.19248; doi:10.3847/1538-3881/add888,"arXiv LaTeX source read (Tables 1-3, notes on individual galaxies); journal volume/page from NED bibcode 2025AJ....170...23N"
KK2022,"Karachentsev, I. D., Kaisina, E. I. 2022, Astrophysical Bulletin, 77, 372: 'New Local Volume Dwarf Galaxy Candidates from the DESI Legacy Imaging Surveys'",arXiv:2210.11070; doi:10.1134/S1990341322040058,"arXiv LaTeX source read; Table 2 searched: NONE of the 19 RLMT fields is in it (no entry between RA 13h33m and 22h15m)"
KKK2023,"Karachentseva, V. E., Karachentsev, I. D., Kaisina, E. I., Kaisin, S. S. 2023, A&A, 678, A16: 'The M 101 galaxy group as a node in a nearby cosmic filament'",arXiv:2308.01897; doi:10.1051/0004-6361/202347085,"arXiv LaTeX source read (Tables 1-2; note on Dw1409+51)"
KKKK2024,"Karachentsev, I. D., Karachentseva, V. E., Kaisin, S. S., Kaisina, E. I. 2024, Astrophysics, 66, 441: 'A Search for New Dwarf Galaxies Outside the Nearby Groups'",arXiv:2312.04930; doi:10.1007/s10511-024-09801-w,"arXiv LaTeX source read (Tables 1-3)"
KCK2025,"Karachentsev, I. D., Chazov, M. I., Kaisin, S. S. 2025, MNRAS, 537, L21: 'New radial velocities for 40 nearby dwarf galaxies'",arXiv:2411.15603; doi:10.1093/mnrasl/slae111,"arXiv LaTeX source read (Table 1, Sec. 2-4)"
Chazov2026,"Chazov, M. I., Karachentsev, I. D., Kaisin, S. S. 2026, MNRAS, 550, stag1276: 'New optical velocities for local galaxy candidates'",arXiv:2607.11659; doi:10.1093/mnras/stag1276,"journal page read through an automated summariser only: reported NO Dw14-Dw17 northern objects in its tables. Not read in source; re-check by hand before citing a negative"
Fielder2023,"Fielder, C. E., Jones, M. G., Sand, D. J., et al. 2023, ApJL, 954, L39: 'The Disturbed and Globular Cluster-Rich Ultra-diffuse Galaxy UGC 9050-Dw1'",arXiv:2306.06164; doi:10.3847/2041-8213/acf0c3,"arXiv abstract read; velocity 1952 km/s as quoted by KKK2023 footnote and SIMBAD (rvz 1952.1, bibcode 2023ApJ...954L..39F)"
Muller2017,"Mueller, O., Scalera, R., Binggeli, B., Jerjen, H. 2017, A&A, 602, A119",,"NOT opened: cited as the discovery reference of dw1446+58 by KKK2023 (Table 2 ref. 5 and text); bibliographic details copied from that paper's reference list"
Zaritsky2023,"Zaritsky, D., Donnerstein, R., Dey, A., et al. 2023, ApJS, 267, 27 (SMUDGes V: the complete catalog)",arXiv:2306.01524; doi:10.3847/1538-4365/acdd71,"arXiv listing only; SMDG cross-identifications taken from SIMBAD, catalogue not opened. Volume/page from memory of the DOI landing - verify before citing"
UNGC2013,"Karachentsev, I. D., Makarov, D. I., Kaisina, E. I. 2013, AJ, 145, 101: 'Updated Nearby Galaxy Catalog'",arXiv:1303.5328; doi:10.1088/0004-6256/145/4/101,"arXiv LaTeX source read: eq. 17 (FUV SFR) and eq. 18 (extinction) verified verbatim"
KK2013,"Kaisin, S. S., Karachentsev, I. D. 2013, Astrophysical Bulletin, 68, 381 (arXiv listing gives '68, 4'): 'Star-Forming Regions in Dwarf Galaxies of the Local Volume'",arXiv:1310.6217,"arXiv LaTeX source read: instrument, 2x600 s exposures, 75 A filter, SFR relation with constant 8.98, table with upper limits log F < -15.25. Page number not verified"
Lee2009,"Lee, J. C., Gil de Paz, A., Tremonti, C., et al. 2009, ApJ, 706, 599: 'Comparison of H-alpha and UV Star Formation Rates in the Local Volume: Systematic Discrepancies for Dwarf Galaxies'",arXiv:0909.5205; doi:10.1088/0004-637X/706/1/599,"arXiv abstract read"
KE2012,"Kennicutt, R. C., Evans, N. J. 2012, ARA&A, 50, 531: 'Star Formation in the Milky Way and Nearby Galaxies'",arXiv:1204.3552; doi:10.1146/annurev-astro-081811-125610,"arXiv listing only; the L(Ha)->SFR coefficient 5.37e-42 is quoted from memory and is used ONLY to reproduce the physicist's SFR figure"
LVGDB,"Local Volume Galaxies Database, http://www.sao.ru/lv/lvgdb (Kaisina et al.; online version of the UNGC)",,"object pages downloaded 2026-10-03 and stored in sources/lvgdb/; parsed by build_dwarf_novelty.py"
GALEX,"GALEX GR6+7 AIS catalogue (Bianchi et al. 2017), VizieR II/335/galex_ais",,"cone search (30 arcsec) run 2026-10-03, stored in sources/galex_ais_cone30.csv. Bianchi reference not opened"
Xi2025,"Xi, W.-Z., et al. 2025, ApJ, 995, 157: 'Supermassive Black Hole and Broad-line Region in NGC 5548: 2023 Reverberation Mapping Results'",arXiv:2511.05851; doi:10.3847/1538-4357/ae1ccb,"arXiv LaTeX source read (Sec. 2-3, Tables 1-2)"
Xi2023,"Xi, W.-Z., et al. 2023, RAA, 23, 125021: 'Correcting the Contamination of Second-order Spectra: Improving H-alpha Measurements in Reverberation Mapping Campaigns'",arXiv:2401.11970; doi:10.1088/1674-4527/ad06f2,"arXiv abstract read"
Lu2022,"Lu, K.-X., et al. 2022, ApJS, 263, 10: 'Supermassive Black Hole and Broad-line Region in NGC 5548: Results from Five-season Reverberation Mapping'",arXiv:2209.10853; doi:10.3847/1538-4365/ac94d3,"arXiv abstract read; volume/page not verified"
Ma2023,"Ma, Q., et al. 2023, ApJ: 'The H-alpha broadband photometric reverberation mapping of four Seyfert 1 galaxies'",arXiv:2303.10362; doi:10.3847/1538-4357/acc4c1,"arXiv abstract read; which NGC 5548 seasons it uses NOT checked (submitted 2023-03, so not the spring-2023 data)"
