main_id,label,manifest_names,core,brief,sptype,otype,vmag,bess_total,bess_ha_total,bess_first,bess_last,season,first,last,nights,frames,n_hrg,n_lrg,n_HaGrism,n_OGGrism,bess_in_season,bess_bracket,gap_before_d,gap_after_d,n_meas,n_emission,ew_med,ew_min,ew_max,ew_err_med,ew_scatter,peak_med,peak_max,bess_verdict
* f01 Ori,f01 Ori,69 Ori,1,0,B5Vn,Be*,,1100,156,2008-02-09,2026-04-20,2024-25,2025-03-24,2025-04-01,2,16,2,2,0,0,0,7,6.1,174.4,7,0,4.69533708249643,4.442528727918527,4.859161928678585,0.01797161070240354,0.21440562748081798,0.9811461282271237,0.9918760067895398,NO-EMISSION
* f01 Ori,f01 Ori,69 Ori,1,0,B5Vn,Be*,,1100,156,2008-02-09,2026-04-20,2025-26,2025-10-29,2026-04-11,49,272,49,0,0,0,15,18,14.8,8.9,18,0,5.071998314883523,4.346185752416966,6.1264783137382075,0.022619819757939183,0.2372323093546366,0.9786526294834388,0.9923812562652432,NO-EMISSION
* gam UMa,gam UMa,PHECDA; gam UMa,1,0,A0V,Em*,,1139,123,1995-12-20,2026-05-29,2024-25,2024-12-19,2025-04-17,40,333,30,32,4,4,2,3,242.2,35.9,3,0,8.552342264567429,8.433019057589426,8.699009578618151,0.025231531361255305,0.1769085866655863,0.9489910109376761,0.952125925005273,NO-EMISSION
* gam UMa,gam UMa,PHECDA; gam UMa,1,0,A0V,Em*,,1139,123,1995-12-20,2026-05-29,2025-26,2026-02-20,2026-04-23,7,33,0,7,0,0,2,5,272.1,9.2,5,0,8.762359997153489,8.294320842584852,9.478110306857836,0.045514010203338034,0.2732774597735242,0.9456294314593484,0.9515418621879195,NO-EMISSION
* lam Eri,lam Eri,Lam Eri,1,0,B2III(e)p,Be*,,1089,170,2006-12-14,2026-03-04,2025-26,2025-11-12,2026-03-26,47,252,46,1,0,0,5,7,14.0,,7,1,2.8617988657957416,1.2772583946608276,3.9764909169026534,0.018303925754911562,0.9642929726388847,0.9966019411031573,1.0691010052570926,MIXED
*   5 Cnc,5 Cnc,5 Cnc,1,0,B9.5Vn,*,,908,103,2008-03-08,2026-05-03,2024-25,2024-12-19,2025-03-26,21,101,12,12,9,5,4,5,50.6,206.4,5,0,6.306088393924682,4.755218764090012,6.76968893748287,0.029539635492474244,0.21626476761943933,0.9677184859127861,1.0075088643229686,NO-EMISSION
*   5 Cnc,5 Cnc,5 Cnc,1,0,B9.5Vn,*,,908,103,2008-03-08,2026-05-03,2025-26,2025-11-06,2026-05-18,24,93,24,0,0,0,6,7,17.6,,7,0,6.82159991789765,6.519780769700176,7.913838915853622,0.048175165889338935,0.29029903148151875,0.9478228902982987,0.9552906778192062,NO-EMISSION
* phi Leo,phi Leo,phi Leo,1,0,A5V,PM*,,1305,146,2007-01-26,2026-06-03,2024-25,2024-12-19,2025-04-17,39,261,30,26,7,5,6,7,35.6,247.4,7,0,6.811006940009449,6.342781737466794,7.0624741247412945,0.023936182527591294,0.2625857287015014,0.9756353874024656,0.9800602034327727,NO-EMISSION
* eta Hya,eta Hya,HR 3454,1,0,B3V,bC*,,0,0,,,2025-26,2025-12-04,2026-05-11,34,471,34,25,0,0,0,0,,,0,0,,,,,,,,UNWITNESSED
* tet Vir,tet Vir,HR 4963,1,0,A1IVs,**,,0,0,,,2025-26,2025-12-13,2026-06-12,33,368,33,32,0,0,0,0,,,0,0,,,,,,,,UNWITNESSED
HD  70340,HD 70340,HD 70340,1,0,A0V,**,,287,36,1995-03-01,2026-05-17,2024-25,2024-12-19,2025-04-09,30,181,17,17,13,11,2,2,238.9,358.2,2,0,8.60770263552174,8.404848784840885,8.810556486202596,0.033591848812385056,,0.9525613872848061,0.9571788789074034,NO-EMISSION
* alf Vir,alf Vir,Spica,1,0,B1V,bC*,,0,0,,,2025-26,2026-01-12,2026-04-07,29,728,29,27,0,0,0,0,,,0,0,,,,,,,,UNWITNESSED
* nu.02 Boo,nu.02 Boo,53 Boo,1,0,A2V,**,,709,126,2002-01-09,2026-09-04,2024-25,2025-02-26,2025-04-17,23,330,23,23,0,0,1,4,251.7,9.9,4,0,8.018001775084276,7.735001962864766,8.225217112501593,0.038391671823903656,0.2407260741379687,0.9555355011088802,0.959379179595315,NO-EMISSION
V* T CrB,T CrB,T CrB,0,0,M3IIIe_sh,Sy*,,0,0,,,2024-25,2025-02-20,2025-06-23,60,247,54,59,0,0,0,0,,,0,0,,,,,,,,UNWITNESSED
HD   6226,HD 6226,V442 And,0,0,,Be*,,16654,1186,2003-02-06,2026-09-04,2024-25,2025-01-09,2025-02-16,5,10,4,3,1,1,8,18,15.1,27.8,18,0,3.691031336826243,2.0060048058109268,4.213581788982229,0.020414019752466192,0.11305756408673379,0.9999344791119553,1.017206843765953,NO-EMISSION
HD   6226,HD 6226,V442 And,0,0,,Be*,,16654,1186,2003-02-06,2026-09-04,2025-26,2025-11-20,2026-02-27,42,182,42,0,0,0,32,38,3.1,159.1,38,1,2.699549581072958,1.753422686873859,4.477324141582417,0.01789505961255425,0.4413138073646301,1.000832312478888,1.0555414045162497,MIXED
* bet CMi,bet CMi,bet CMi,0,0,B8Ve,Be*,,1191,212,1996-02-27,2026-04-29,2024-25,2024-12-25,2025-04-14,15,95,11,10,2,2,2,2,62.6,179.4,2,2,-1.9379933489252577,-2.4396012483719436,-1.4363854494785715,0.0287105556855293,,1.8187289927149068,1.8201272349955775,EMISSION
* bet CMi,bet CMi,bet CMi,0,0,B8Ve,Be*,,1191,212,1996-02-27,2026-04-29,2025-26,2025-10-28,2026-05-01,28,152,28,0,0,0,7,9,15.8,,9,9,-2.272121058731333,-4.53774009978507,-1.9864279581115625,0.020303913934694485,0.3040786012807192,1.8065398816440326,2.2082635193410063,EMISSION
V* AD Leo,AD Leo,AD Leo,0,0,dM3,PM*,,0,0,,,2024-25,2025-03-21,2025-04-29,22,102,22,22,0,0,0,0,,,0,0,,,,,,,,UNWITNESSED
V* AD Leo,AD Leo,AD Leo,0,0,dM3,PM*,,0,0,,,2025-26,2026-01-09,2026-06-01,20,60,0,20,0,0,0,0,,,0,0,,,,,,,,UNWITNESSED
* kap Dra,kap Dra,kap Dra,0,0,B6IIIe,Be*,,3939,285,1990-10-27,2026-06-13,2024-25,2025-03-09,2025-04-17,20,274,20,20,0,0,2,4,19.2,36.2,4,0,4.417379284349849,4.017857396388937,4.561866457157656,0.019883588516955028,0.18127612765623372,0.9859420753046452,0.9864812173116678,NO-EMISSION
* kap Dra,kap Dra,kap Dra,0,0,B6IIIe,Be*,,3939,285,1990-10-27,2026-06-13,2025-26,2025-12-01,2026-06-01,22,109,22,0,0,0,9,10,190.8,11.9,10,0,4.351799881588221,4.234796020764249,5.599051503450574,0.017479213265452653,0.14221805911404603,0.9837926815547209,0.9957410114992752,NO-EMISSION
* tet CrB,tet CrB,tet CrB,0,1,B6Vnne,Be*,,3835,317,1991-02-26,2026-09-11,2024-25,2025-03-09,2025-04-16,21,309,21,21,0,0,0,6,50.8,24.0,6,0,5.240046654081075,5.005918574326513,5.530783785460592,0.018103626772325618,0.2527205117643686,0.9809354304130826,0.9864278534432102,NO-EMISSION
* tet CrB,tet CrB,tet CrB,0,1,B6Vnne,Be*,,3835,317,1991-02-26,2026-09-11,2025-26,2026-01-09,2026-06-01,19,94,19,0,0,0,6,11,146.1,19.1,11,0,5.406128638425426,4.871512532065662,6.292876247998214,0.02813910733369972,0.34663917886824597,0.9755979893135626,0.9851944604940154,NO-EMISSION
HD  46264,HD 46264,QQ Gem,0,1,Be,Be*,,254,28,2009-03-18,2026-01-01,2024-25,2024-12-27,2025-03-31,11,55,8,7,3,2,0,2,0.0,256.0,2,2,-5.266924015241602,-6.004140364325924,-4.529707666157281,0.06030543638048917,,1.6936105852660128,1.7263058418777697,EMISSION
HD  46264,HD 46264,QQ Gem,0,1,Be,Be*,,254,28,2009-03-18,2026-01-01,2025-26,2025-10-28,2026-04-24,26,86,26,0,0,0,2,2,305.0,,2,2,-4.443070905626493,-4.6434082375907675,-4.242733573662219,0.02634641539083816,,1.5960089351462012,1.6067199659741145,EMISSION
* zet Tau,zet Tau,Zeta Tau; zet Tau,0,0,B1IVe_shell,Be*,,5867,773,1991-02-09,2026-09-08,2024-25,2025-01-06,2025-03-21,7,34,5,5,2,2,10,21,5.0,5.8,21,21,-18.812408697581837,-21.150557111492997,-15.631689281063615,0.022652735790552526,1.4874081584924808,2.6380931049828407,2.83192494091083,EMISSION
* zet Tau,zet Tau,Zeta Tau; zet Tau,0,0,B1IVe_shell,Be*,,5867,773,1991-02-09,2026-09-08,2025-26,2025-10-28,2026-04-08,30,154,30,0,0,0,24,26,21.8,142.1,26,26,-18.253077165864767,-21.431834424873458,-13.877609242469557,0.03133833830856279,1.8093159949047604,2.4742147552027367,2.9616209688968773,EMISSION
HD  34959,HD 34959,V1369 Ori,0,0,B7Ib/II,Be*,,302,54,2006-12-22,2026-09-04,2024-25,2024-12-19,2025-03-26,6,37,3,3,3,3,1,1,319.0,185.3,1,1,-4.398669018961748,-4.398669018961748,-4.398669018961748,0.02107292376527036,,1.5310621655947627,1.5310621655947627,EMISSION(1)
HD  34959,HD 34959,V1369 Ori,0,0,B7Ib/II,Be*,,302,54,2006-12-22,2026-09-04,2025-26,2025-10-28,2026-04-11,30,126,30,0,0,0,2,4,15.9,145.1,4,4,-6.17737776231289,-7.254803210714221,-5.86567379395187,0.02639442701375696,0.37616498540515225,1.688719631915641,1.7174941561955748,EMISSION
HD  45910,HD 45910,AX Mon,0,0,B2IIIe,Be*,,436,44,2000-01-29,2026-03-19,2024-25,2025-01-17,2025-03-23,4,24,3,3,1,1,1,2,53.7,247.1,2,2,-40.78141426719233,-40.93656697593401,-40.62626155845065,0.06636027615687164,,8.741391981860556,8.83436702096371,EMISSION
HD  45910,HD 45910,AX Mon,0,0,B2IIIe,Be*,,436,44,2000-01-29,2026-03-19,2025-26,2025-10-28,2026-04-11,31,124,31,0,0,0,4,4,270.1,,4,4,-40.07359655499184,-51.24401067150957,-33.90320121235002,0.07111462877232712,8.857737798431065,8.41124732216027,9.894048356724438,EMISSION
HD  60848,HD 60848,BN Gem; HD 60848,0,0,O8:V:pe,Be*,,629,45,2004-11-22,2026-03-04,2024-25,2025-01-26,2025-03-26,9,68,9,9,0,0,1,2,32.7,336.0,2,2,-4.204022051285451,-6.098661386797412,-2.3093827157734896,0.032393699914549816,,1.6533456079732458,1.9521550462540267,EMISSION
HD  60848,HD 60848,BN Gem; HD 60848,0,0,O8:V:pe,Be*,,629,45,2004-11-22,2026-03-04,2025-26,2025-11-02,2026-04-24,25,84,25,0,0,0,4,4,270.2,,4,4,-7.2494552559967484,-7.447650295743514,-6.0349349945921995,0.04725010300103217,0.2011494889365127,1.8409773035855146,1.897017721547328,EMISSION
V* RY Sct,RY Sct,Ry Sct; Ry Scuti,0,0,O9.7Ibep,Be*,,2,2,2019-05-14,2020-08-25,2024-25,2025-03-31,2025-04-08,5,18,3,4,0,0,0,0,1678.1,,0,0,,,,,,,,UNWITNESSED
V* RY Sct,RY Sct,Ry Sct; Ry Scuti,0,0,O9.7Ibep,Be*,,2,2,2019-05-14,2020-08-25,2025-26,2026-02-23,2026-06-12,27,138,27,27,0,0,0,0,2007.1,,0,0,,,,,,,,UNWITNESSED
* psi Per,psi Per,Psi Per,0,0,B5Ve,Be*,,2244,112,1991-10-07,2026-02-25,2024-25,2024-12-16,2025-02-16,8,21,0,2,2,6,0,5,16.2,200.9,5,5,-37.045139781547405,-41.507153064774165,-36.84875972846956,0.027025642520641907,0.291153066693214,5.4957020992087395,5.947681831431663,EMISSION
* psi Per,psi Per,Psi Per,0,0,B5Ve,Be*,,2244,112,1991-10-07,2026-02-25,2025-26,2025-10-29,2026-04-01,23,124,23,0,0,0,2,4,14.1,,4,4,-38.56941929090486,-39.38709860415442,-37.808926582805796,0.03206700520507123,0.6822128783177542,5.550042811993392,5.644044841223333,EMISSION
HD    698,HD 698,V742 Cas,0,0,B7:Ib-II(e),Be*,,216,38,2001-08-18,2026-01-19,2024-25,2024-12-23,2025-02-16,9,54,5,5,4,3,0,0,122.1,259.2,0,0,,,,,,,,UNWITNESSED
HD    698,HD 698,V742 Cas,0,0,B7:Ib-II(e),Be*,,216,38,2001-08-18,2026-01-19,2025-26,2025-10-28,2026-01-26,19,75,19,0,0,0,3,3,431.1,,3,3,-10.128883589858965,-11.5645577171971,-9.551153866050424,0.01679687791984245,0.8565420885185439,1.9827207054139269,2.0515220236461564,EMISSION
HD  79066,HD 79066,HD 79066,0,0,F1Vn,PM*,,1627,114,2009-01-15,2026-04-30,2024-25,2024-12-19,2025-03-21,25,171,17,17,8,8,1,3,46.6,18.2,3,0,5.688495153419035,5.59686778481208,5.867376543852059,0.02635886732922141,0.13584673669667227,0.9850846867008747,0.9896000467824111,NO-EMISSION
* ksi02 Cet,ksi02 Cet,HR 718,0,0,B9III,*,,0,0,,,2025-26,2025-12-04,2026-02-28,25,191,25,12,0,0,0,0,,,0,0,,,,,,,,UNWITNESSED
HD  22298,HD 22298,CT Cam,0,0,B2Vne,Be*,,612,91,2001-09-20,2026-09-12,2024-25,2024-12-23,2025-02-10,4,15,2,2,2,2,2,3,52.2,304.8,3,3,-12.077356899942764,-12.788129112873008,-11.712358409042093,0.02238758873282668,0.541146762609335,2.5597294592135245,2.6017487840688895,EMISSION
HD  22298,HD 22298,CT Cam,0,0,B2Vne,Be*,,612,91,2001-09-20,2026-09-12,2025-26,2025-10-29,2026-03-26,20,66,20,0,0,0,6,7,261.9,19.9,7,7,-17.894670694260796,-20.992083794877942,-14.65047724297791,0.023658778936491997,2.7257957801674366,2.790925591049053,3.0120383491261125,EMISSION
*  12 Aur,12 Aur,12 Aur,0,0,B2Ve,Be*,,587,70,2006-12-14,2026-08-09,2024-25,2025-01-01,2025-03-31,11,65,9,9,2,2,1,3,48.5,222.9,3,3,-6.877065724806156,-6.99456707964098,-5.994129062775511,0.01918681292998809,0.17420750867810947,1.7071767331109937,1.8309440508307622,EMISSION
*  12 Aur,12 Aur,12 Aur,0,0,B2Ve,Be*,,587,70,2006-12-14,2026-08-09,2025-26,2025-10-29,2026-03-26,12,43,12,0,0,0,2,3,218.2,11.9,3,3,-6.212272319521501,-6.317205566182025,-4.797752963291439,0.026054113152036595,0.1555740314988928,1.8304575899729112,1.880363964543257,EMISSION
V* CQ UMa,CQ UMa,CQ UMa,0,0,A2IVpSrCr,a2*,,356,79,2009-01-18,2026-04-30,2024-25,2025-02-25,2025-04-17,23,341,23,23,0,0,1,2,14.6,313.0,2,0,9.41666761971775,9.290412118037565,9.542923121397934,0.05154555825684408,,0.9459089801799071,0.9482846514647671,NO-EMISSION
*   4 Her,4 Her,4 Her,0,0,B9pe,Be*,,2155,182,1992-06-22,2026-08-25,2024-25,2025-02-25,2025-04-16,22,266,21,22,0,0,2,4,71.7,11.0,4,0,5.9826508459742955,5.85293888572603,6.388047929138703,0.023224348080994286,0.18723164684510896,0.9800955162330747,1.0023589687979513,NO-EMISSION
HD  45314,HD 45314,HD 45314; PZ Gem,0,0,O9:npe,Be*,,1449,181,2015-01-28,2026-04-14,2024-25,2025-01-22,2025-03-31,4,21,4,4,0,0,25,42,0.1,161.4,42,42,-0.336174728792901,-1.3239014344436981,0.7613307760761637,0.021413121314800058,0.28643274605444,1.1381053053988732,1.2463973859050568,EMISSION
HD  45314,HD 45314,HD 45314; PZ Gem,0,0,O9:npe,Be*,,1449,181,2015-01-28,2026-04-14,2025-26,2025-11-02,2026-04-24,18,58,18,0,0,0,35,39,17.9,,39,38,-1.8395051122177934,-2.710519268078384,8.841685966974246,0.03468335195161178,0.47098550306553455,1.2672120409722938,1.3273929926399701,MIXED
* phi Per,phi Per,HD10516; Phi Per,0,0,B1.5V:e-shell,Be*,,1671,178,1993-09-05,2026-02-04,2024-25,2024-10-11,2025-06-13,8,25,2,4,4,0,1,3,52.0,57.1,3,3,-38.30993171740536,-39.06851426312171,-19.673536429446145,0.033768579671469776,1.1246744822790617,4.061366135495664,4.543808704709226,EMISSION
* phi Per,phi Per,HD10516; Phi Per,0,0,B1.5V:e-shell,Be*,,1671,178,1993-09-05,2026-02-04,2025-26,2025-10-31,2026-01-20,14,66,14,0,0,0,4,7,14.1,10.8,7,7,-37.39976845038815,-42.80187953791841,-34.487408942589624,0.041149747794834414,2.5928642023872683,4.3021656243998905,4.6390953580621135,EMISSION
HD  44637,HD 44637,HD 44637,0,0,B3III:[n]e,Be*,,789,31,2009-03-17,2025-12-31,2024-25,2024-12-19,2025-02-25,6,40,3,3,3,3,0,1,27.7,308.1,1,1,-38.882902140430346,-38.882902140430346,-38.882902140430346,0.02789441116658785,,6.910466883001908,6.910466883001908,EMISSION(1)
HD  44637,HD 44637,HD 44637,0,0,B3III:[n]e,Be*,,789,31,2009-03-17,2025-12-31,2025-26,2025-10-29,2026-04-11,15,46,15,0,0,0,1,1,341.7,,1,1,-37.65893984501258,-37.65893984501258,-37.65893984501258,0.0315984669558669,,7.159756626989813,7.159756626989813,EMISSION(1)
* pi. Aqr,pi. Aqr,pi Aqr,0,0,B1III-IVe,Be*,,6436,721,1995-07-23,2026-09-10,2025-26,2025-10-28,2026-06-28,21,138,21,0,0,0,9,17,16.2,38.0,17,17,-6.9093934816110085,-9.434314131910536,0.10007033137191762,0.0270461119275488,1.4399187419382748,2.0018504261072443,2.29942866665545,EMISSION
HD  49787,HD 49787,HD 49787,0,0,B1V:ep,Be*,,213,13,2003-01-18,2026-03-18,2024-25,2025-01-11,2025-03-26,7,53,6,6,1,1,0,2,37.8,22.1,2,0,3.066043732242462,2.99681479950835,3.1352726649765734,0.02373516158049721,,1.0102637068449865,1.011403269043118,NO-EMISSION
HD  49787,HD 49787,HD 49787,0,0,B1V:ep,Be*,,213,13,2003-01-18,2026-03-18,2025-26,2025-11-01,2026-01-26,13,44,13,0,0,0,1,1,196.9,,1,0,2.0770649860611563,2.0770649860611563,2.0770649860611563,0.024766028762170055,,1.0082488522953306,1.0082488522953306,NO-EMISSION
V* X Per,X Per,X Per; hd24534,0,0,O9.5III,HXB,,0,0,,,2025-26,2025-11-06,2026-04-01,20,61,20,0,0,0,0,0,,,0,0,,,,,,,,UNWITNESSED
HD  26906,HD 26906,V586 Per,0,0,B7,Be*,,110,19,2009-02-13,2026-08-13,2024-25,2025-01-01,2025-02-15,8,39,6,6,2,2,0,1,24.1,242.1,1,1,-2.754190556301547,-2.754190556301547,-2.754190556301547,0.03598798493871202,,1.4211228677416736,1.4211228677416736,EMISSION(1)
HD  26906,HD 26906,V586 Per,0,0,B7,Be*,,110,19,2009-02-13,2026-08-13,2025-26,2025-11-01,2025-12-18,12,44,12,0,0,0,0,1,15.9,237.0,1,1,-6.394120904857635,-6.394120904857635,-6.394120904857635,0.034843367794787486,,1.6274271669700442,1.6274271669700442,EMISSION(1)
HD  17520,HD 17520,BD+59 553; hd17520,0,0,O9.2Ve+O8Vz,**,,0,0,,,2025-26,2025-11-06,2026-03-26,19,59,19,0,0,0,0,0,,,0,0,,,,,,,,UNWITNESSED
* gam Cas,gam Cas,Gamma Cas; gam cas,0,0,B0.5IVpe,HXB,,12681,1334,1991-02-25,2026-09-14,2024-25,2025-01-27,2025-02-16,4,7,1,4,0,0,13,51,2.2,0.7,51,51,-41.89656816051847,-44.40728241665629,-39.90955422325024,0.027957395862026085,0.878524451625292,6.13136334150498,6.460813264414096,EMISSION
* gam Cas,gam Cas,Gamma Cas; gam cas,0,0,B0.5IVpe,HXB,,12681,1334,1991-02-25,2026-09-14,2025-26,2025-10-28,2026-01-27,15,88,15,0,0,0,11,23,11.1,3.8,23,23,-39.094555597152436,-41.35138591931073,-37.78350007751462,0.031114070235142035,1.0904041514194733,5.51051577090427,6.168935241880025,EMISSION
* alf Lyr,alf Lyr,Vega,0,0,A0V,dS*,,0,0,,,2023-24,2024-05-19,2024-05-19,1,80,0,0,1,1,0,0,,,0,0,,,,,,,,UNWITNESSED
* alf Lyr,alf Lyr,Vega,0,0,A0V,dS*,,0,0,,,2025-26,2026-04-15,2026-06-24,18,367,18,18,0,0,0,0,,,0,0,,,,,,,,UNWITNESSED
V* RR Lyr,RR Lyr,RR lyr,0,0,kA3hF0,RR*,,0,0,,,2024-25,2025-05-25,2025-06-20,18,64,14,17,0,0,0,0,,,0,0,,,,,,,,UNWITNESSED
HD  23800,HD 23800,HD 23800,0,0,B1IV,Be*,,264,35,2006-11-02,2026-08-22,2024-25,2025-01-14,2025-01-14,1,4,0,0,1,1,0,1,37.2,289.9,1,1,-2.395938337361032,-2.395938337361032,-2.395938337361032,0.014790219930369898,,1.2565883723285625,1.2565883723285625,EMISSION(1)
HD  23800,HD 23800,HD 23800,0,0,B1IV,Be*,,264,35,2006-11-02,2026-08-22,2025-26,2025-11-01,2026-01-30,16,59,16,0,0,0,0,1,0.1,203.1,1,1,-1.9308234330991616,-1.9308234330991616,-1.9308234330991616,0.04209187007358438,,1.287472608759754,1.287472608759754,EMISSION(1)
* phi And,phi And,HD6811; phi And,0,0,B5IIIe,Be*,,3956,207,1993-09-09,2025-12-13,2024-25,2024-10-11,2025-06-13,11,43,6,5,4,2,3,6,59.9,51.1,6,0,4.192156809825976,3.9476303801880013,4.604448819487651,0.017319222015520056,0.12604688826923302,0.9843113004055744,0.9872481544531462,NO-EMISSION
* phi And,phi And,HD6811; phi And,0,0,B5IIIe,Be*,,3956,207,1993-09-09,2025-12-13,2025-26,2025-12-10,2026-01-30,5,23,5,0,0,0,1,2,54.1,,2,0,4.907108376529327,3.8659096223802045,5.948307130678449,0.037731337845823,,0.9664616767975571,0.9856638843028229,NO-EMISSION
* eta Tau,eta Tau,Alcyone,0,0,B7III,Be*,,1258,165,1990-03-01,2026-09-07,2024-25,2025-01-11,2025-01-11,1,5,0,0,1,1,0,9,15.2,1.8,9,9,-1.3015685120829925,-1.583284090327481,-0.4150538165239269,0.011005838971344996,0.1377902098734481,1.7714448685332875,1.7801393589524617,EMISSION
* eta Tau,eta Tau,Alcyone,0,0,B7III,Be*,,1258,165,1990-03-01,2026-09-07,2025-26,2025-10-29,2026-02-08,14,70,14,0,0,0,5,15,28.1,13.8,15,15,-1.1879557633846067,-1.3893031699390446,0.7441543688980923,0.01614600015948188,0.186201759974109,1.7465895417682231,1.7829921672499356,EMISSION
HD  65079,HD 65079,BT CMi,0,0,B2V(n)(e?),Be*,,170,24,1995-02-27,2026-03-04,2024-25,2024-12-20,2025-04-01,15,88,10,11,4,3,1,2,1.5,336.2,2,2,-9.776508413689903,-10.32127811334723,-9.231738714032577,0.02739370302351845,,2.1840598363876698,2.2127818991669237,EMISSION
*  28 Tau,28 Tau,BU Tau; PLEIONE,0,0,B8Vne,Be*,,10511,1013,1991-02-24,2026-08-10,2024-25,2024-12-19,2025-01-22,4,15,1,1,3,3,7,25,2.0,1.3,25,25,-28.364517250972714,-29.780397455339823,-25.024908025932618,0.020418299263936186,0.99649576934325,4.788041332096965,4.9541149209764175,EMISSION
*  28 Tau,28 Tau,BU Tau; PLEIONE,0,0,B8Vne,Be*,,10511,1013,1991-02-24,2026-08-10,2025-26,2026-01-09,2026-03-26,11,33,0,11,0,0,15,33,4.1,136.1,30,30,-30.715611731428535,-35.92817522308577,-11.063855187703231,0.01606937580459127,1.2420485773125682,5.175208351503043,6.403165574569399,EMISSION
NAME rho Oph C Cloud,rho Oph C Cloud,rho oph C,0,0,,MoC,,0,0,,,2024-25,2025-06-03,2025-06-20,15,54,14,14,0,0,0,0,,,0,0,,,,,,,,UNWITNESSED
HD  60757,HD 60757,V763 Mon,0,0,B3/5III,Be*,,123,15,2009-03-19,2026-02-27,2024-25,2024-12-25,2025-03-31,14,90,10,10,4,4,1,2,5.7,,2,0,3.26454348838816,3.171586004234609,3.35750097254171,0.028278481765946144,,0.9860367327581243,0.9922479128530248,NO-EMISSION
*  68 Cyg,68 Cyg,68 Cyg,0,0,O7.5IIIn((f)),SB*,,0,0,,,2025-26,2025-11-11,2026-06-06,13,64,13,0,0,0,0,0,,,0,0,,,,,,,,UNWITNESSED
HD 111525,HD 111525,HD 111525,0,0,A7V,*,,0,0,,,2024-25,2025-01-17,2025-03-28,13,87,10,8,3,2,0,0,,,0,0,,,,,,,,UNWITNESSED
HD  62367,HD 62367,HD 62367,0,0,B8V,Be*,,174,21,2009-01-17,2026-03-27,2024-25,2024-12-25,2025-04-09,13,70,5,5,8,7,0,1,10.7,324.2,1,1,-7.4779147318674255,-7.4779147318674255,-7.4779147318674255,0.017160358736148823,,4.308255609648162,4.308255609648162,EMISSION(1)
* tet Crt,tet Crt,HR 4468,0,0,B9.5V,PM*,,0,0,,,2025-26,2025-12-04,2026-06-06,13,153,13,8,0,0,0,0,,,0,0,,,,,,,,UNWITNESSED
V* RZ Cep,RZ Cep,RZ Cep,0,0,kA0.5hF0.5,RR*,,0,0,,,2024-25,2025-05-26,2025-06-20,13,55,10,13,0,0,0,0,,,0,0,,,,,,,,UNWITNESSED
* psi09 Aur,psi09 Aur,HD 50658,0,0,B8IIIe,Be*,,236,49,2008-09-29,2026-04-07,2024-25,2025-01-01,2025-04-09,12,70,9,9,3,2,1,2,8.8,267.2,2,2,0.07474546092080889,0.07194860306116535,0.07754231878045242,0.014075788562788991,,1.220629768181034,1.228232361997249,EMISSION
HD  53416,HD 53416,HD 53416,0,0,B8,Be*,,194,18,2009-02-27,2026-03-19,2024-25,2025-01-14,2025-04-09,7,38,5,4,2,2,0,1,30.8,212.1,1,1,-1.9033591037195714,-1.9033591037195714,-1.9033591037195714,0.018636861558538713,,1.9557639534523037,1.9557639534523037,EMISSION(1)
HD  53416,HD 53416,HD 53416,0,0,B8,Be*,,194,18,2009-02-27,2026-03-19,2025-26,2025-11-01,2025-12-22,5,16,5,0,0,0,1,1,321.8,86.0,1,1,-1.3710733798930557,-1.3710733798930557,-1.3710733798930557,0.0392321123001871,,1.8954019942989464,1.8954019942989464,EMISSION(1)
* ups Cyg,ups Cyg,ups Cyg,0,0,B2Vne,Be*,,1680,137,1994-07-25,2026-08-28,2025-26,2025-11-02,2026-06-12,12,70,12,1,0,0,0,2,78.1,24.0,2,2,-33.239094219055865,-33.73140175379969,-32.74678668431204,0.025395193747679692,,5.743027145013965,5.881145626884672,EMISSION
HD  65875,HD 65875,V695 Mon,0,0,B2.5Ve,Be*,,234,43,1995-04-29,2026-02-25,2024-25,2024-12-19,2025-04-02,12,57,6,6,6,4,2,2,242.8,324.9,2,2,-40.289576653792494,-40.559920057012526,-40.01923325057247,0.02020240159130801,,8.195149933854301,8.214264021906194,EMISSION
* pi.02 Ori,pi.02 Ori,2 Ori,0,0,A1Vn,*,,364,64,2006-12-11,2026-02-27,2024-25,2024-12-25,2025-01-22,4,17,1,1,3,3,0,1,113.7,11.1,1,0,6.736443383507988,6.736443383507988,6.736443383507988,0.03352327513268368,,0.960838975642083,0.960838975642083,NO-EMISSION
* pi.02 Ori,pi.02 Ori,2 Ori,0,0,A1Vn,*,,364,64,2006-12-11,2026-02-27,2025-26,2025-12-01,2026-01-30,7,32,7,0,0,0,2,3,90.6,27.8,3,0,7.059656190766141,6.806049149853687,7.287524976535995,0.057696420279325825,0.3378382617823849,0.9525856041765464,0.9610155298874643,NO-EMISSION
HD  37352,HD 37352,HD 37352,0,0,A0,Em*,,129,19,2009-02-26,2026-03-19,2024-25,2025-01-03,2025-03-26,11,69,9,9,2,2,0,1,35.9,346.9,1,1,-6.751292637171325,-6.751292637171325,-6.751292637171325,0.04989151596712693,,2.2808037852018264,2.2808037852018264,EMISSION(1)
HD  58050,HD 58050,OT Gem,0,0,B2Ve,Be*,,2186,285,1996-02-27,2026-04-17,2024-25,2025-01-06,2025-03-23,11,56,5,5,5,6,7,13,12.8,6.0,13,1,3.1123993421949856,1.9470487245414863,4.31032274490846,0.02151998056009305,0.4124444144728658,1.0026477205164261,1.0724126950223902,MIXED
*  56 Eri,56 Eri,56 Eri,0,0,B2(V)nne,Be*,,364,37,1993-11-07,2026-08-22,2025-26,2025-11-01,2026-01-25,10,37,10,0,0,0,0,1,63.6,32.9,1,1,-21.67122949621583,-21.67122949621583,-21.67122949621583,0.05685597568611532,,2.8700418291676777,2.8700418291676777,EMISSION(1)
* bet Per,bet Per,Bet Per,0,0,B8V,SB*,,0,0,,,2025-26,2026-02-14,2026-03-14,10,50,10,0,0,0,0,0,,,0,0,,,,,,,,UNWITNESSED
