canonical_target,filter,n_frames,n_nights,exp_s,first_night,last_night,readout,exp_h
Dw1403+49,H,11,6,5632.0,2023-06-22,2023-07-06,High Gain,1.564
Dw1403+49,L,27,9,6912.0,2023-06-04,2023-06-18,High Gain,1.92
Dw1403+49,R,13,7,3328.0,2023-06-22,2023-07-06,High Gain,0.924
Dw1409+51,H,10,5,5120.0,2023-06-24,2023-07-06,High Gain,1.422
Dw1409+51,L,26,9,6656.0,2023-06-04,2023-06-18,High Gain,1.849
Dw1409+51,R,11,6,2816.0,2023-06-24,2023-07-06,High Gain,0.782
Dw1418+46,H,10,5,5120.0,2023-06-24,2023-07-06,High Gain,1.422
Dw1418+46,L,26,9,6656.0,2023-06-04,2023-06-18,High Gain,1.849
Dw1418+46,R,7,4,1792.0,2023-06-24,2023-06-28,High Gain,0.498
Dw1441+51,H,8,4,4096.0,2023-06-24,2023-06-28,High Gain,1.138
Dw1441+51,L,23,8,5888.0,2023-06-04,2023-06-18,High Gain,1.636
Dw1441+51,R,7,4,1792.0,2023-06-24,2023-06-28,High Gain,0.498
Dw1446+58,H,6,4,3072.0,2023-06-24,2023-06-28,High Gain,0.853
Dw1446+58,L,22,8,5632.0,2023-06-04,2023-06-18,High Gain,1.564
Dw1446+58,R,5,3,1280.0,2023-06-24,2023-06-28,High Gain,0.356
Dw1459+44,H,5,4,2560.0,2023-06-24,2023-06-28,High Gain,0.711
Dw1459+44,L,21,8,5376.0,2023-06-04,2023-06-18,High Gain,1.493
Dw1459+44,R,7,4,1792.0,2023-06-24,2023-06-28,High Gain,0.498
Dw1533+67,H,8,5,4096.0,2023-06-24,2023-07-05,High Gain,1.138
Dw1533+67,L,21,8,5376.0,2023-06-04,2023-06-18,High Gain,1.493
Dw1533+67,R,5,4,1280.0,2023-06-24,2023-07-05,High Gain,0.356
Dw1539+45,H,6,4,3072.0,2023-06-24,2023-06-28,High Gain,0.853
Dw1539+45,L,17,7,4352.0,2023-06-04,2023-06-18,High Gain,1.209
Dw1539+45,R,7,4,1792.0,2023-06-24,2023-06-28,High Gain,0.498
Dw1558+67,H,5,4,2560.0,2023-06-24,2023-06-28,High Gain,0.711
Dw1558+67,L,14,7,3584.0,2023-06-04,2023-06-18,High Gain,0.996
Dw1558+67,R,7,4,1792.0,2023-06-24,2023-06-28,High Gain,0.498
Dw1559+46,H,7,4,3584.0,2023-06-24,2023-06-28,High Gain,0.996
Dw1559+46,L,14,7,3584.0,2023-06-04,2023-06-18,High Gain,0.996
Dw1559+46,R,7,4,1792.0,2023-06-24,2023-06-28,High Gain,0.498
Dw1608+40,H,4,4,2048.0,2023-06-24,2023-06-28,High Gain,0.569
Dw1608+40,L,14,6,3584.0,2023-06-04,2023-06-18,High Gain,0.996
Dw1608+40,R,6,3,1536.0,2023-06-24,2023-06-28,High Gain,0.427
Dw1615+54,H,7,4,3584.0,2023-06-24,2023-06-28,High Gain,0.996
Dw1615+54,L,13,6,3328.0,2023-06-04,2023-06-18,High Gain,0.924
Dw1615+54,R,3,2,768.0,2023-06-24,2023-06-27,High Gain,0.213
Dw1617+46,H,2,2,1024.0,2023-06-27,2023-06-28,High Gain,0.284
Dw1617+46,L,14,6,3584.0,2023-06-04,2023-06-18,High Gain,0.996
Dw1617+46,R,2,2,512.0,2023-06-24,2023-06-28,High Gain,0.142
Dw1633+69,L,13,6,3328.0,2023-06-04,2023-06-18,High Gain,0.924
Dw1643+07,L,11,5,2816.0,2023-06-04,2023-06-18,High Gain,0.782
Dw1645+46,L,12,5,3072.0,2023-06-04,2023-06-18,High Gain,0.853
Dw1709+74,L,13,5,3328.0,2023-06-04,2023-06-18,High Gain,0.924
Dw1721+71,L,11,5,2816.0,2023-06-04,2023-06-18,High Gain,0.782
Dw1735+57,L,11,5,2816.0,2023-06-04,2023-06-18,High Gain,0.782
NGC 5548,6,143,16,36608.0,2023-03-23,2023-04-25,High Gain StackPro,10.169
NGC 5548,HaGrism,4,1,720.0,2024-06-04,2024-06-04,1MHz High Sensitivity 16-bit,0.2
NGC 5548,OGGrism,2,1,360.0,2024-06-04,2024-06-04,1MHz High Sensitivity 16-bit,0.1
NGC 5548,g,1,1,60.0,2024-06-04,2024-06-04,1MHz High Sensitivity 16-bit,0.017
NGC 5548,i,2,1,120.0,2024-06-04,2024-06-04,1MHz High Sensitivity 16-bit,0.033
NGC 5548,r,1,1,60.0,2024-06-04,2024-06-04,1MHz High Sensitivity 16-bit,0.017
NGC5238,G,88,21,19968.0,2023-02-23,2023-06-03,"High Gain StackPro,High Gain",5.547
NGC5238,H,68,19,34816.0,2023-02-23,2023-06-03,"High Gain StackPro,High Gain",9.671
NGC5238,L,64,17,14976.0,2023-02-23,2023-05-29,"High Gain StackPro,High Gain",4.16
NGC5238,O,129,16,32544.0,2023-05-10,2023-06-03,"High Gain StackPro,High Gain",9.04
NGC5238,R,78,20,17536.0,2023-02-23,2023-06-03,"High Gain StackPro,High Gain",4.871
NGC5238,W,47,15,12032.0,2023-05-11,2023-06-03,"High Gain StackPro,High Gain",3.342
NGC5238,X,70,20,15872.0,2023-02-23,2023-06-03,"High Gain StackPro,High Gain",4.409
