field,path,night,jd,exptime,zmag,fwhm,moonphas,x_cand,y_cand,pos_basis,on_chip,box_x,box_y,sky_adu,sigma_single_adu,pair_with,sigma_pairdiff_adu,sigma_block_adu
Dw1403+49,rawimage/2023-06-23/mjc17400.fts.fz,2023-06-22,2460118.6622038195,512.0000610351562,,,21.66160583496094,1025.1,1023.6,WCS of another frame of the field,1,1025,1023,140.0,8.471,,,
Dw1403+49,rawimage/2023-06-25/mjc17600.fts.fz,2023-06-24,2460120.662414352,512.0000610351562,,,38.95929718017578,1025.1,1023.6,WCS of another frame of the field,1,1025,1023,139.0,8.409,,,
Dw1403+49,rawimage/2023-06-25/mjc17602.fts.fz,2023-06-24,2460120.6753555555,512.0000610351562,,,39.08041000366211,1025.1,1023.6,WCS of another frame of the field,1,1025,1023,134.0,8.063,rawimage/2023-06-25/mjc17600.fts.fz,7.66,356.44
Dw1403+49,rawimage/2023-06-26/mjc17700.fts.fz,2023-06-25,2460121.7105895835,512.0000610351562,,,48.99932861328125,1025.1,1023.6,WCS of another frame of the field,1,1025,1023,151.0,9.164,,,
Dw1403+49,rawimage/2023-06-26/mjc17702.fts.fz,2023-06-25,2460121.7241769675,512.0000610351562,,,49.13194274902344,1025.1,1023.6,WCS of another frame of the field,1,1025,1023,152.0,9.172,rawimage/2023-06-26/mjc17700.fts.fz,8.576,386.84
Dw1403+49,rawimage/2023-06-28/mjc17900.fts.fz,2023-06-27,2460123.6626751157,512.0000610351562,,,68.10192108154297,1025.1,1023.6,WCS of another frame of the field,1,1025,1023,174.0,10.396,,,
Dw1403+49,rawimage/2023-06-28/mjc17902.fts.fz,2023-06-27,2460123.6821364583,512.0000610351562,,,68.2883071899414,1025.1,1023.6,WCS of another frame of the field,1,1025,1023,173.0,10.364,rawimage/2023-06-28/mjc17900.fts.fz,9.661,434.02
Dw1403+49,rawimage/2023-06-29/mjc18000.fts.fz,2023-06-28,2460124.675327315,512.0000610351562,,,77.49143981933594,1025.1,1023.6,WCS of another frame of the field,1,1025,1023,180.0,10.722,,,
Dw1403+49,rawimage/2023-06-29/mjc18002.fts.fz,2023-06-28,2460124.683231366,512.0000610351562,,,77.56159973144531,1025.1,1023.6,WCS of another frame of the field,1,1025,1023,178.0,10.6,rawimage/2023-06-29/mjc18000.fts.fz,9.972,465.47
Dw1403+49,rawimage/2023-07-07/mjc18800.fts.fz,2023-07-06,2460132.717126389,512.0000610351562,,,80.58678436279297,1025.1,1023.6,WCS of another frame of the field,1,1025,1023,122.0,7.273,,,
Dw1403+49,rawimage/2023-07-07/mjc18802.fts.fz,2023-07-06,2460132.7340047453,512.0000610351562,,,80.42815399169922,1025.1,1023.6,WCS of another frame of the field,1,1025,1023,130.0,7.81,rawimage/2023-07-07/mjc18800.fts.fz,6.953,322.89
Dw1409+51,rawimage/2023-06-25/mjc17604.fts.fz,2023-06-24,2460120.6932363426,512.0000610351562,,,39.2476692199707,1024.2,1024.0,WCS of another frame of the field,1,1024,1024,129.0,7.753,,,
Dw1409+51,rawimage/2023-06-25/mjc17606.fts.fz,2023-06-24,2460120.712992014,512.000061035,18.4056110911,5.04202575684,39.43278121948242,1025.7,1022.4,frame WCS,1,1024,1024,128.0,7.634,rawimage/2023-06-25/mjc17604.fts.fz,7.136,348.05
Dw1409+51,rawimage/2023-06-26/mjc17704.fts.fz,2023-06-25,2460121.7522270833,512.000061035,18.3185903099,4.70690104961,49.40578460693359,1026.3,1022.5,frame WCS,1,1024,1024,147.0,8.905,,,
Dw1409+51,rawimage/2023-06-26/mjc17706.fts.fz,2023-06-25,2460121.7594305556,512.000061035,18.3860591288,4.89560972452,49.47622680664062,1025.8,1021.2,frame WCS,1,1024,1024,146.0,8.801,rawimage/2023-06-26/mjc17704.fts.fz,8.29,352.25
Dw1409+51,rawimage/2023-06-28/mjc17904.fts.fz,2023-06-27,2460123.69466713,512.0000610351562,,,68.40829467773438,1024.2,1024.0,WCS of another frame of the field,1,1024,1024,172.0,10.277,,,
Dw1409+51,rawimage/2023-06-28/mjc17906.fts.fz,2023-06-27,2460123.715210995,512.0000610351562,,,68.60478210449219,1024.2,1024.0,WCS of another frame of the field,1,1024,1024,171.0,10.219,rawimage/2023-06-28/mjc17904.fts.fz,9.628,588.13
Dw1409+51,rawimage/2023-06-29/mjc18004.fts.fz,2023-06-28,2460124.6959484955,512.0000610351562,,,77.67436981201172,1024.2,1024.0,WCS of another frame of the field,1,1024,1024,198.0,11.677,,,
Dw1409+51,rawimage/2023-06-29/mjc18006.fts.fz,2023-06-28,2460124.7171685183,512.0000610351562,,,77.86211395263672,1024.2,1024.0,WCS of another frame of the field,1,1024,1024,259.0,14.38,rawimage/2023-06-29/mjc18004.fts.fz,12.272,1139.56
Dw1409+51,rawimage/2023-07-07/mjc18804.fts.fz,2023-07-06,2460132.7557819444,512.0000610351562,,,80.2229995727539,1024.2,1024.0,WCS of another frame of the field,1,1024,1024,158.0,9.546,,,
Dw1409+51,rawimage/2023-07-07/mjc18806.fts.fz,2023-07-06,2460132.807452199,512.0000610351562,,,79.7332534790039,1024.2,1024.0,WCS of another frame of the field,1,1024,1024,201.0,11.803,rawimage/2023-07-07/mjc18804.fts.fz,10.072,942.47
Dw1418+46,rawimage/2023-06-25/mjc17608.fts.fz,2023-06-24,2460120.7200689814,512.000061035,18.4607074655,5.47022788525,39.49919891357422,1025.9,1022.1,frame WCS,1,1025,1022,128.0,7.744,,,
Dw1418+46,rawimage/2023-06-25/mjc1760a.fts.fz,2023-06-24,2460120.746566551,512.000061035,18.4978162747,5.50929896832,39.74783706665039,1025.8,1022.7,frame WCS,1,1025,1022,129.0,7.784,rawimage/2023-06-25/mjc17608.fts.fz,7.108,289.35
Dw1418+46,rawimage/2023-06-26/mjc17708.fts.fz,2023-06-25,2460121.7776515046,512.0000610351562,,,49.65424346923828,1025.9,1022.7,WCS of another frame of the field,1,1025,1022,146.0,8.879,,,
Dw1418+46,rawimage/2023-06-26/mjc1770a.fts.fz,2023-06-25,2460121.786946412,512.0000610351562,,,49.74509048461914,1025.9,1022.7,WCS of another frame of the field,1,1025,1022,140.0,8.49,rawimage/2023-06-26/mjc17708.fts.fz,8.034,352.25
Dw1418+46,rawimage/2023-06-28/mjc17908.fts.fz,2023-06-27,2460123.7371564815,512.0000610351562,,,68.81443786621094,1025.9,1022.7,WCS of another frame of the field,1,1025,1022,180.0,10.785,,,
Dw1418+46,rawimage/2023-06-28/mjc1790a.fts.fz,2023-06-27,2460123.745058565,512.0000610351562,,,68.88990783691406,1025.9,1022.7,WCS of another frame of the field,1,1025,1022,176.0,10.546,rawimage/2023-06-28/mjc17908.fts.fz,9.978,526.27
Dw1418+46,rawimage/2023-06-29/mjc18008.fts.fz,2023-06-28,2460124.734396296,512.0000610351562,,,78.01420593261719,1025.9,1022.7,WCS of another frame of the field,1,1025,1022,199.0,11.739,,,
Dw1418+46,rawimage/2023-06-29/mjc1800a.fts.fz,2023-06-28,2460124.74231331,512.0000610351562,,,78.08412170410156,1025.9,1022.7,WCS of another frame of the field,1,1025,1022,189.0,11.228,rawimage/2023-06-29/mjc18008.fts.fz,10.721,462.33
Dw1418+46,rawimage/2023-07-07/mjc18808.fts.fz,2023-07-06,2460132.8515836806,512.0000610351562,,,79.3117904663086,1025.9,1022.7,WCS of another frame of the field,1,1025,1022,208.0,12.144,,,
Dw1418+46,rawimage/2023-07-07/mjc1880a.fts.fz,2023-07-06,2460132.8615172454,512.0000610351562,,,79.21644592285156,1025.9,1022.7,WCS of another frame of the field,1,1025,1022,220.0,12.754,rawimage/2023-07-07/mjc18808.fts.fz,11.548,692.96
Dw1441+51,rawimage/2023-06-25/mjc1760c.fts.fz,2023-06-24,2460120.753640972,512.000061035,18.3353876767,4.95399992466,39.81427001953125,1026.2,1022.4,frame WCS,1,1026,1022,124.0,7.373,,,
Dw1441+51,rawimage/2023-06-25/mjc1760e.fts.fz,2023-06-24,2460120.769174884,512.000061035,18.3414388359,4.81383683681,39.96026611328125,1026.4,1022.3,frame WCS,1,1026,1022,122.0,7.227,rawimage/2023-06-25/mjc1760c.fts.fz,6.732,309.27
Dw1441+51,rawimage/2023-06-26/mjc1770c.fts.fz,2023-06-25,2460121.798890972,512.0000610351562,,,49.86186981201172,1025.6,1023.3,WCS of another frame of the field,1,1026,1022,128.0,7.633,,,
Dw1441+51,rawimage/2023-06-26/mjc1770e.fts.fz,2023-06-25,2460121.8065824076,512.000061035,18.3185574651,4.75944149494,49.93714141845703,1026.1,1022.3,frame WCS,1,1026,1022,125.0,7.444,rawimage/2023-06-26/mjc1770c.fts.fz,6.977,318.7
Dw1441+51,rawimage/2023-06-28/mjc1790c.fts.fz,2023-06-27,2460123.7589324075,512.0000610351562,,,69.0223159790039,1025.6,1023.3,WCS of another frame of the field,1,1026,1022,169.0,10.114,,,
Dw1441+51,rawimage/2023-06-28/mjc1790e.fts.fz,2023-06-27,2460123.774734838,512.0000610351562,,,69.17293548583984,1025.6,1023.3,WCS of another frame of the field,1,1026,1022,168.0,10.102,rawimage/2023-06-28/mjc1790c.fts.fz,9.447,343.86
Dw1441+51,rawimage/2023-06-29/mjc1800c.fts.fz,2023-06-28,2460124.756383796,512.0000610351562,,,78.2079849243164,1025.6,1023.3,WCS of another frame of the field,1,1026,1022,181.0,10.783,,,
Dw1441+51,rawimage/2023-06-29/mjc1800e.fts.fz,2023-06-28,2460124.777527778,512.0000610351562,,,78.39386749267578,1025.6,1023.3,WCS of another frame of the field,1,1026,1022,221.0,12.743,rawimage/2023-06-29/mjc1800c.fts.fz,11.027,1071.42
Dw1446+58,rawimage/2023-06-25/mjc17610.fts.fz,2023-06-24,2460120.7813267363,512.0000610351562,,,40.07458114624023,2048.0,2048.0,chip centre (no WCS in any frame of this field),1,2048,2048,120.0,7.454,,,
Dw1446+58,rawimage/2023-06-25/mjc17612.fts.fz,2023-06-24,2460120.8009506944,512.0000610351562,,,40.25938415527344,2048.0,2048.0,chip centre (no WCS in any frame of this field),1,2048,2048,117.0,7.22,rawimage/2023-06-25/mjc17610.fts.fz,6.423,397.33
Dw1446+58,rawimage/2023-06-26/mjc17710.fts.fz,2023-06-25,2460121.819987963,512.0000610351562,,,50.0682373046875,2048.0,2048.0,chip centre (no WCS in any frame of this field),1,2048,2048,124.0,7.648,,,
Dw1446+58,rawimage/2023-06-28/mjc17910.fts.fz,2023-06-27,2460123.793858565,512.0000610351562,,,69.35505676269531,2048.0,2048.0,chip centre (no WCS in any frame of this field),1,2048,2048,163.0,10.234,,,
Dw1446+58,rawimage/2023-06-28/mjc17912.fts.fz,2023-06-27,2460123.80269456,512.0000610351562,,,69.43921661376953,2048.0,2048.0,chip centre (no WCS in any frame of this field),1,2048,2048,160.0,10.106,rawimage/2023-06-28/mjc17910.fts.fz,9.06,472.81
Dw1446+58,rawimage/2023-06-29/mjc18012.fts.fz,2023-06-28,2460124.7919666665,512.0000610351562,,,78.52058410644531,2048.0,2048.0,chip centre (no WCS in any frame of this field),1,2048,2048,182.0,11.37,,,
Dw1459+44,rawimage/2023-06-25/mjc17614.fts.fz,2023-06-24,2460120.808132523,512.0000610351562,,,40.32698822021484,1023.6,1021.5,WCS of another frame of the field,1,1023,1021,114.0,6.673,,,
Dw1459+44,rawimage/2023-06-26/mjc17716.fts.fz,2023-06-25,2460121.8490738426,512.000061035,18.1719044629,4.90742566586,50.35286712646484,1025.9,1022.6,frame WCS,1,1023,1021,123.0,7.266,,,
Dw1459+44,rawimage/2023-06-28/mjc17914.fts.fz,2023-06-27,2460123.809891204,512.000061035,18.2181148209,5.40572547913,69.5075912475586,1026.7,1021.5,frame WCS,1,1023,1021,161.0,9.74,,,
Dw1459+44,rawimage/2023-06-29/mjc18014.fts.fz,2023-06-28,2460124.8052105326,512.0000610351562,,,78.63655853271484,1023.6,1021.5,WCS of another frame of the field,1,1023,1021,345.0,17.612,,,
Dw1459+44,rawimage/2023-06-29/mjc18016.fts.fz,2023-06-28,2460124.820360764,512.0000610351562,,,78.76905059814453,1023.6,1021.5,WCS of another frame of the field,1,1023,1021,190.0,11.206,rawimage/2023-06-29/mjc18014.fts.fz,13.896,2165.9
Dw1533+67,rawimage/2023-06-25/mjc17618.fts.fz,2023-06-24,2460120.8287768518,512.000061035,18.3537701311,5.80164606571,40.52165985107422,1026.8,1021.9,frame WCS,1,1026,1021,118.0,6.919,,,
Dw1533+67,rawimage/2023-06-26/mjc17718.fts.fz,2023-06-25,2460121.864629977,512.000061035,18.1249370998,5.28555607796,50.50516128540039,1026.5,1023.7,frame WCS,1,1026,1021,123.0,7.274,,,
Dw1533+67,rawimage/2023-06-26/mjc1771a.fts.fz,2023-06-25,2460121.8820350696,512.000061035,18.140110333,5.57249186039,50.6755256652832,1026.7,1023.3,frame WCS,1,1026,1021,121.0,7.182,rawimage/2023-06-26/mjc17718.fts.fz,6.674,395.23
Dw1533+67,rawimage/2023-06-28/mjc17918.fts.fz,2023-06-27,2460123.837908449,512.000061035,18.1974471716,5.62184534073,69.7739028930664,1026.7,1024.2,frame WCS,1,1026,1021,129.0,7.758,,,
Dw1533+67,rawimage/2023-06-28/mjc1791a.fts.fz,2023-06-27,2460123.8465590277,512.000061035,18.1331387244,5.78249034882,69.85598754882812,1027.5,1021.9,frame WCS,1,1026,1021,121.0,7.17,rawimage/2023-06-28/mjc17918.fts.fz,6.881,314.51
Dw1533+67,rawimage/2023-06-29/mjc18018.fts.fz,2023-06-28,2460124.832392824,512.000061035,18.3093507134,5.71845445633,78.87403869628906,1026.8,1023.1,frame WCS,1,1026,1021,153.0,9.243,,,
Dw1533+67,rawimage/2023-06-29/mjc1801a.fts.fz,2023-06-28,2460124.8394447914,512.000061035,18.2483604734,6.01379618645,78.93561553955078,1027.9,1021.5,frame WCS,1,1026,1021,145.0,8.795,rawimage/2023-06-29/mjc18018.fts.fz,8.381,380.55
Dw1533+67,rawimage/2023-07-06/mjc18718.fts.fz,2023-07-05,2460131.956567014,512.000061035,18.1473236404,6.15791835785,87.22393035888672,1028.9,1030.9,frame WCS,1,1026,1021,228.0,13.098,,,
Dw1539+45,rawimage/2023-06-25/mjc1761c.fts.fz,2023-06-24,2460120.8612385415,512.000061035,18.520985661,5.41171982288,40.82816696166992,1025.3,1022.5,frame WCS,1,1025,1022,117.0,6.889,,,
Dw1539+45,rawimage/2023-06-25/mjc1761e.fts.fz,2023-06-24,2460120.8684538193,512.000061035,18.4267929035,4.99901885986,40.89631271362305,1026.5,1023.0,frame WCS,1,1025,1022,117.0,6.849,rawimage/2023-06-25/mjc1761c.fts.fz,6.286,342.81
Dw1539+45,rawimage/2023-06-26/mjc1771e.fts.fz,2023-06-25,2460121.901057176,512.000061035,17.9266258895,5.95910346508,50.86194229125977,1025.9,1023.0,frame WCS,1,1025,1022,125.0,7.444,,,
Dw1539+45,rawimage/2023-06-28/mjc1791c.fts.fz,2023-06-27,2460123.861158796,512.000061035,18.2692654823,5.82332451344,69.99456787109375,1026.2,1022.9,frame WCS,1,1025,1022,117.0,6.846,,,
Dw1539+45,rawimage/2023-06-28/mjc1791e.fts.fz,2023-06-27,2460123.8765695603,512.000061035,18.2710607855,5.06391450167,70.1406021118164,1026.0,1023.7,frame WCS,1,1025,1022,119.0,7.047,rawimage/2023-06-28/mjc1791c.fts.fz,6.356,358.54
Dw1539+45,rawimage/2023-06-29/mjc1801e.fts.fz,2023-06-28,2460124.860059491,512.000061035,18.3228421508,5.48572821617,79.1150894165039,1026.5,1021.6,frame WCS,1,1025,1022,132.0,7.929,,,
Dw1558+67,rawimage/2023-06-25/mjc17620.fts.fz,2023-06-24,2460120.8846278936,512.000061035,18.4296153066,5.07774496078,41.04920959472656,1026.2,1024.3,frame WCS,1,1026,1024,117.0,6.844,,,
Dw1558+67,rawimage/2023-06-26/mjc17720.fts.fz,2023-06-25,2460121.9084569444,512.000061035,17.7779528026,5.78121731281,50.93441772460938,1026.4,1024.8,frame WCS,1,1026,1024,123.0,7.262,,,
Dw1558+67,rawimage/2023-06-26/mjc17722.fts.fz,2023-06-25,2460121.9238039353,512.000061035,17.507010424,5.13318619728,51.08484268188477,1026.5,1025.6,frame WCS,1,1026,1024,127.0,7.57,rawimage/2023-06-26/mjc17720.fts.fz,6.875,292.49
Dw1558+67,rawimage/2023-06-28/mjc17922.fts.fz,2023-06-27,2460123.889859259,512.000061035,18.279269755,5.39756567478,70.26655578613281,1026.2,1022.9,frame WCS,1,1026,1024,119.0,7.028,,,
Dw1558+67,rawimage/2023-06-29/mjc18022.fts.fz,2023-06-28,2460124.882970139,512.000061035,18.2880488917,5.82654194832,79.31400299072266,1027.9,1022.2,frame WCS,1,1026,1024,115.0,6.697,,,
Dw1559+46,rawimage/2023-06-25/mjc17624.fts.fz,2023-06-24,2460120.8992216433,512.000061035,18.4057393985,5.76306390762,41.18743896484375,1027.4,1022.6,frame WCS,1,1027,1022,115.0,6.715,,,
Dw1559+46,rawimage/2023-06-25/mjc17626.fts.fz,2023-06-24,2460120.9110783567,512.000061035,18.4055973572,5.66175086498,41.2996711730957,1026.0,1022.7,frame WCS,1,1027,1022,117.0,6.82,rawimage/2023-06-25/mjc17624.fts.fz,6.18,320.8
Dw1559+46,rawimage/2023-06-26/mjc17724.fts.fz,2023-06-25,2460121.930665162,512.0000610351562,,,51.15213012695312,1025.0,1021.9,WCS of another frame of the field,1,1027,1022,130.0,7.761,,,
Dw1559+46,rawimage/2023-06-26/mjc17726.fts.fz,2023-06-25,2460121.94291088,512.000061035,17.9904919929,5.35545651913,51.27219772338867,1026.9,1025.7,frame WCS,1,1027,1022,131.0,7.929,rawimage/2023-06-26/mjc17724.fts.fz,7.321,373.21
Dw1559+46,rawimage/2023-06-28/mjc17924.fts.fz,2023-06-27,2460123.9016730324,512.000061035,18.2201144689,5.74297382832,70.37828826904297,1027.1,1022.4,frame WCS,1,1027,1022,118.0,6.921,,,
Dw1559+46,rawimage/2023-06-28/mjc17926.fts.fz,2023-06-27,2460123.918290162,512.000061035,18.28164204,5.16064186096,70.53546142578125,1024.8,1025.4,frame WCS,1,1027,1022,120.0,7.098,rawimage/2023-06-28/mjc17924.fts.fz,6.471,345.96
Dw1559+46,rawimage/2023-06-29/mjc18026.fts.fz,2023-06-28,2460124.9157364583,512.000061035,18.303006646,5.06683397293,79.59759521484375,1023.7,1025.6,frame WCS,1,1027,1022,117.0,6.892,,,
Dw1608+40,rawimage/2023-06-25/mjc1762a.fts.fz,2023-06-24,2460120.93131794,512.000061035,18.2344957326,5.49641792774,41.49151992797852,1024.3,1024.1,frame WCS,1,1024,1024,120.0,7.116,,,
Dw1608+40,rawimage/2023-06-26/mjc17728.fts.fz,2023-06-25,2460121.9546019677,512.0000610351562,,,51.3868408203125,1025.6,1022.7,WCS of another frame of the field,1,1024,1024,140.0,8.458,,,
Dw1608+40,rawimage/2023-06-28/mjc17928.fts.fz,2023-06-27,2460123.9254247686,512.000061035,18.178499109,5.20241734982,70.60282897949219,1025.3,1024.8,frame WCS,1,1024,1024,119.0,7.073,,,
Dw1608+40,rawimage/2023-06-29/mjc1802a.fts.fz,2023-06-28,2460124.927502083,512.000061035,18.2954565024,5.45884940624,79.69918823242188,1026.5,1024.8,frame WCS,1,1024,1024,117.0,6.881,,,
Dw1615+54,rawimage/2023-06-25/mjc1762c.fts.fz,2023-06-24,2460120.9422333334,512.000061035,18.2531129632,5.1893443346,41.59503555297852,1026.7,1023.2,frame WCS,1,1026,1023,119.0,7.048,,,
Dw1615+54,rawimage/2023-06-25/mjc1762e.fts.fz,2023-06-24,2460120.954089815,512.000061035,18.2425044072,5.53971090317,41.7075080871582,1026.8,1025.8,frame WCS,1,1026,1023,128.0,7.793,rawimage/2023-06-25/mjc1762c.fts.fz,6.821,403.62
Dw1615+54,rawimage/2023-06-26/mjc1772c.fts.fz,2023-06-25,2460121.9671622687,512.000061035,17.872320584,6.43445692062,51.51002502441406,1026.9,1027.3,frame WCS,1,1026,1023,264.0,14.595,,,
Dw1615+54,rawimage/2023-06-28/mjc1792c.fts.fz,2023-06-27,2460123.944753125,512.000061035,18.1230800035,6.23295545578,70.78533172607422,1027.5,1026.7,frame WCS,1,1026,1023,122.0,7.254,,,
Dw1615+54,rawimage/2023-06-28/mjc1792e.fts.fz,2023-06-27,2460123.962736111,512.000061035,18.0189461114,6.43512310982,70.95494842529297,1026.7,1024.8,frame WCS,1,1026,1023,160.0,9.671,rawimage/2023-06-28/mjc1792c.fts.fz,7.935,668.85
Dw1615+54,rawimage/2023-06-29/mjc1802c.fts.fz,2023-06-28,2460124.9433381944,512.000061035,18.1821370195,5.48872594833,79.83561706542969,1027.7,1026.4,frame WCS,1,1026,1023,117.0,6.877,,,
Dw1615+54,rawimage/2023-06-29/mjc1802e.fts.fz,2023-06-28,2460124.9574715276,512.000061035,18.2044687534,5.72816569805,79.9571533203125,1025.7,1027.8,frame WCS,1,1026,1023,126.0,7.506,rawimage/2023-06-29/mjc1802c.fts.fz,6.637,345.96
Dw1617+46,rawimage/2023-06-28/mjc17930.fts.fz,2023-06-27,2460123.970206366,512.0000610351562,,,71.02540588378906,1024.4,1022.3,WCS of another frame of the field,1,1024,1022,385.0,19.159,,,
Dw1617+46,rawimage/2023-06-29/mjc18030.fts.fz,2023-06-28,2460124.964567361,512.000061035,18.0962673798,5.88102300167,80.0180892944336,1029.0,1025.8,frame WCS,1,1024,1022,160.0,9.676,,,
