night,jd_first,jd_last,n,n_dispersed,n_direct,n_other
2023-03-23,2460027.9335671295,2460027.9635814815,8,0,0,8
2023-03-24,2460028.9300546297,2460028.954339699,7,0,0,7
2023-03-25,2460029.9119354165,2460029.9481600695,10,0,0,10
2023-03-27,2460031.9058041666,2460031.939552778,10,10,0,0
2023-03-28,2460032.9105679397,2460032.9466185183,10,10,0,0
2023-03-29,2460033.892411343,2460033.9241971066,10,10,0,0
2023-03-31,2460035.909284375,2460035.9364107638,9,9,0,0
2023-04-01,2460036.8851840277,2460036.918525463,10,10,0,0
2023-04-02,2460037.882252778,2460037.917526968,10,10,0,0
2023-04-05,2460040.9107804396,2460040.9438625,10,0,6,4
2023-04-17,2460052.8393324073,2460052.905119213,7,2,0,5
2023-04-18,2460053.8247542824,2460053.8778241896,5,5,0,0
2023-04-19,2460054.932155671,2460054.9795224536,10,0,9,1
2023-04-22,2460057.8912363425,2460057.927102315,9,7,2,0
2023-04-23,2460058.8931791666,2460058.921938079,8,8,0,0
2023-04-25,2460060.879903588,2460060.9216350694,10,10,0,0
