field,candidate,ra_hms,dec_dms,n_L,nights_L,exp_h_L,n_R,nights_R,exp_h_R,n_H,nights_H,exp_h_H,first_listing,morph_lit,association,v_hel_kms,v_method,v_ref,D_Mpc,D_method,B_mag,A_B,M_B,HI,spec_emission,spec_ref,in_LVGDB,F_Ha_published,F_Ha_published_src,classified,m_FUV,m_FUV_src,F_pred_FUV,F_pred_P0,P_FUV,F_pred_basis,L_pred_erg_s,n_H_measured,zp_H,zp_H_basis,sigma_pix_adu,fpn_ratio,corr_factor,n_pairs,cand_on_chip,F_lim_3sig,F_lim_3sig_white,L_lim_erg_s,logSFR_lim,lim_over_BTA,band,dlam_A,pred_over_lim,ha_verdict
Dw1403+49,Dw1403+4924,14:03:19.0,+49:24:54,27,9,1.92,13,7,0.924,11,6,1.564,Nazarova2025,,16 arcmin from Sa NGC 5448 (Vh 2016 km/s) [Nazarova2025 notes],2033.0,HI GBT,Nazarova2025,32.2,NAM,18.94,,-13.6,detected S=0.29 Jy km/s,,,0,,not in LVGDB; none found in refs,1,20.4663,GALEX AIS (nearest <= 10 arcsec),4.11e-15,2.33e-15,0.25,FUV,5.09e+38,11,18.26,survey median (no ZMAG in this field),12.07,1.07,1.41,5,1,5.94e-15,4.22e-15,7.37e+38,-2.23,10.6,out of band (within one width),44.5,0.69,out_of_band
Dw1409+51,Dw1409+5113,14:09:13.0,+51:13:30,26,9,1.849,11,6,0.782,10,5,1.422,KKK2023,dIrr,"UGC 9050-Dw1: companion of UGC 9050 (Vh 2001 km/s, D 32 Mpc); proposed M 101 member at 6.95 Mpc in KKK2023, withdrawn in the same paper's footnote",1952,HI VLA,Fielder2023,31.59,NAM (LVGDB),18.97,0.08,-13.61,detected S=1.08 Jy km/s,,,1,,none in LVGDB,1,,,,,,,,10,18.39,field median,17.75,1.03,1.85,5,1,7.93e-15,4.28e-15,9.47e+38,-2.12,14.1,out of band (within one width),42.7,,out_of_band
Dw1418+46,Dw1418+4607,14:18:31.5,+46:07:51,26,9,1.849,7,4,0.498,10,5,1.422,Nazarova2025,BCD,isolated; projected on a distant galaxy pair [Nazarova2025 notes],1825.3,HI GBT,Nazarova2025,28.6,NAM,18.21,,-14.07,detected S=0.42 Jy km/s,,,0,,not in LVGDB; none found in refs,1,,,,5.38e-15,,P=0,5.26e+38,10,18.48,field median,13.75,1.03,1.33,5,1,5.41e-15,4.07e-15,5.29e+38,-2.37,9.6,out of band (within one width),40.0,0.99,out_of_band
Dw1441+51,Dw1441+5136,14:41:56.6,+51:36:40,23,8,1.636,7,4,0.498,8,4,1.138,Nazarova2025,,,,,,,,19.56,,,not detected / confused,,,0,,not in LVGDB; none found in refs,0,,,,,,,,8,18.34,field median,11.85,1.04,1.39,4,1,6.42e-15,4.62e-15,,,11.4,velocity unknown,,,no_prediction
Dw1446+58,dw1446+58,14:46:01.0,+58:34:05,22,8,1.564,5,3,0.356,6,4,0.853,Muller2017,dIrr,"probable member of the scattered group around Sb NGC 5777 (Vh 2139 km/s) [Nazarova2025]; listed as M 101 group candidate (mem, 6.95 Mpc) in KKK2023 Table 2",2300.3,HI GBT,Nazarova2025,36.8,NAM,18.80,0.04,-14.07,detected S=0.51 Jy km/s,,,1,,none in LVGDB,1,20.1,LVGDB,6.18e-15,3.03e-15,0.31,FUV,1.00e+39,6,18.26,survey median (no ZMAG in this field),14.44,1.06,1.73,2,1,9.82e-15,5.68e-15,1.59e+39,-1.9,17.5,out of band (within one width),50.4,0.63,out_of_band
Dw1459+44,Dw1459+44,14:59:38.4,+44:40:23,21,8,1.493,7,4,0.498,5,4,0.711,KKKK2024,BCD,"16 arcmin west of BCD UGC 9660 (Vh 608 km/s, TRGB 10.76 Mpc)",732.4,HI GBT,Nazarova2025,14.5,NAM,16.09,0.09,-14.81,detected S=5.16 Jy km/s,yes (SDSS fibre spectrum; velocity 683-743 km/s),KKKK2024;SIMBAD,1,,none in LVGDB,1,17.02,KKKK2024,1.15e-13,2.52e-14,0.66,FUV,2.90e+39,5,18.2,field median,46.0,1.0,4.72,1,1,4.16e-14,8.80e-15,1.05e+39,-2.08,73.9,in band,16.0,2.77,marginal
Dw1533+67,Dw1533+67,15:33:28.1,+67:45:29,21,8,1.493,5,4,0.356,8,5,1.138,KKKK2024,Irr,"isolated dIrr; 55 arcmin from dIrr UGC 9992 (Vh 423 km/s, TRGB 11.27 Mpc)",397.6,HI GBT,Nazarova2025,10.1,NAM,17.57,0.11,-12.56,detected S=0.41 Jy km/s,,,1,,none in LVGDB,1,19.36,KKKK2024,1.38e-14,8.22e-15,0.23,FUV,1.69e+38,8,18.17,field median,10.41,1.0,1.39,3,1,7.11e-15,5.13e-15,8.67e+37,-3.16,12.6,in band,8.7,1.95,marginal
Dw1539+45,Dw1539+4515,15:39:25.9,+45:15:04,17,7,1.209,7,4,0.498,6,4,0.853,Nazarova2025,dIrr,isolated dIrr with patchy structure,2605.6,HI GBT,Nazarova2025,40.3,NAM,17.97,,-15.06,detected S=0.66 Jy km/s,,,0,,not in LVGDB; none found in refs,1,,,,6.96e-15,,P=0,1.35e+39,6,18.3,field median,11.54,1.01,1.68,2,1,7.28e-15,4.33e-15,1.41e+39,-1.95,12.9,out of band (within one width),57.0,0.96,out_of_band
Dw1558+67,Dw1558+67,15:58:46.8,+67:51:29,14,7,0.996,7,4,0.498,5,4,0.711,KCK2025,BCD,"isolated BCD, near side of the Local Void",-25,optical BTA,KCK2025,3.1,NAM,16.75,0.11,-10.82,not detected / confused,yes (BTA SCORPIO long slit; emission),KCK2025,1,,none in LVGDB,1,18.5,LVGDB,3.05e-14,,,FUV,3.51e+37,5,18.28,field median,8.86,1.02,1.29,1,1,6.18e-15,4.80e-15,7.11e+36,-4.25,11.0,in band,-0.5,4.94,informative
Dw1559+46,Dw1559+46,15:59:02.6,+46:23:40,14,7,0.996,7,4,0.498,7,4,0.996,KKKK2024,Irr/BCD,"isolated, near side of the Local Void",76.7,HI GBT,Nazarova2025,3.3,NAM,17.10,0.05,-10.54,detected S=1.42 Jy km/s,yes (BTA SCORPIO long slit; emission; V=67+-10),KCK2025,1,,none in LVGDB,1,,,,8.63e-15,,P=0,1.13e+37,7,18.29,field median,10.84,1.0,1.57,3,1,6.27e-15,3.99e-15,8.17e+36,-4.19,11.1,in band,1.7,1.38,marginal
Dw1608+40,Dw1608+4058,16:08:19.4,+40:58:12,14,6,0.996,6,3,0.427,4,4,0.569,Nazarova2025,dIrr,possibly in the group of Sab UGC 10200 = Mrk 1104 (Vh 1991 km/s),1982.1,HI GBT,Nazarova2025,30.9,NAM,18.89,,-13.56,detected S=0.48 Jy km/s,,,0,,not in LVGDB; none found in refs,1,21.6304,GALEX AIS (nearest <= 10 arcsec),1.41e-15,1.42e-15,-0.01,FUV,1.61e+38,4,18.23,field median,11.06,1.0,1.56,0,1,9.29e-15,5.96e-15,1.06e+39,-2.07,16.5,out of band (within one width),43.4,0.15,out_of_band
Dw1615+54,Dw1615+5422,16:15:42.1,+54:22:03,13,6,0.924,3,2,0.213,7,4,0.996,Nazarova2025,peculiar spiral / interacting pair,,3697.3,HI GBT,Nazarova2025,57.1,NAM,18.09,,-15.69,detected S=1.81 Jy km/s,,,0,,not in LVGDB; none found in refs,1,19.0414,GALEX AIS (nearest <= 10 arcsec),1.53e-14,2.95e-15,0.71,FUV,5.95e+39,7,18.18,field median,12.64,1.06,1.79,3,1,9.83e-15,5.48e-15,3.83e+39,-1.51,17.5,out of band,80.9,1.55,out_of_band
Dw1617+46,Dw1617+4609,16:17:35.8,+46:09:32,14,6,0.996,2,2,0.142,2,2,0.284,Nazarova2025,dIrr,isolated dIrr of low surface brightness,,,,,,19.28,,,not detected / confused,,,0,,not in LVGDB; none found in refs,0,,,,,,,,2,18.1,field median,22.48,1.0,1.56,0,1,3.06e-14,1.96e-14,,,54.4,velocity unknown,,,no_prediction
Dw1633+69,Dw1633+6906,16:33:01.4,+69:06:04,13,6,0.924,0,0,0.0,0,0,0.0,Nazarova2025,,,1122.9,HI GBT,Nazarova2025,19.6,NAM,18.00,,-13.46,detected S=0.85 Jy km/s,,,0,,not in LVGDB; none found in refs,1,,,,6.29e-15,,P=0,2.89e+38,,,,,,,,,,,,,,in band (edge),24.6,,no_ha_data
Dw1643+07,Dw1643+0749,16:43:25.1,+07:49:30,11,5,0.782,0,0,0.0,0,0,0.0,Nazarova2025,,,1434.6,HI GBT,Nazarova2025,19.6,NAM,18.84,,-12.62,detected S=0.19 Jy km/s,,,0,,not in LVGDB; none found in refs,1,,,,2.34e-15,,P=0,1.07e+38,,,,,,,,,,,,,,in band (edge),31.4,,no_ha_data
Dw1645+46,Dw1645+46,16:45:48.5,+46:47:24,12,5,0.853,0,0,0.0,0,0,0.0,KKKK2024,Irr,"isolated dIrr semi-resolved into stars, near side of the Local Void",-21,optical BTA,KCK2025,2.9,NAM,17.61,0.07,-9.77,not detected / confused,yes (BTA SCORPIO long slit; emission),KCK2025,1,,none in LVGDB,1,19.71,KKKK2024,9.33e-15,,,FUV,9.39e+36,,,,,,,,,,,,,,in band,-0.5,,no_ha_data
Dw1709+74,Dw1709+74,17:09:45.6,+74:10:44,13,5,0.924,0,0,0.0,0,0,0.0,KKKK2024,Tr,,1325.4,HI GBT,Nazarova2025,21.8,NAM,17.17,0.16,-14.68,detected S=0.41 Jy km/s,yes (BTA SCORPIO long slit; emission; V=1298+-10),KCK2025,1,,none in LVGDB,1,21.35,KKKK2024,2.42e-15,4.86e-14,-1.3,FUV,1.38e+38,,,,,,,,,,,,,,in band (edge),29.0,,no_ha_data
Dw1721+71,Dw1721+7140,17:21:45.4,+71:40:59,11,5,0.782,0,0,0.0,0,0,0.0,Nazarova2025,,,1076.1,HI GBT,Nazarova2025,18.6,NAM,17.25,,-14.1,detected S=1.58 Jy km/s,,,0,,not in LVGDB; none found in refs,1,19.9759,GALEX AIS (nearest <= 10 arcsec),6.45e-15,1.30e-14,-0.3,FUV,2.67e+38,,,,,,,,,,,,,,in band (edge),23.6,,no_ha_data
Dw1735+57,Dw1735+57,17:35:34.6,+57:48:47,11,5,0.782,0,0,0.0,0,0,0.0,KKKK2024,Irr/BCD,"isolated BCD, near side of the Local Void",42.9,HI GBT,Nazarova2025,4.4,NAM,16.75,0.22,-11.69,detected S=0.90 Jy km/s,yes (BTA SCORPIO long slit; emission spectrum reproduced as Fig. 1; V=42+-10),KCK2025,1,,none in LVGDB,1,18.35,KKKK2024,4.26e-14,1.72e-14,0.39,FUV,9.88e+37,,,,,,,,,,,,,,in band,0.9,,no_ha_data
