role,camera,code,n_frames,n_frames_used,n_ensemble,n_check,k2,scint_C,floor_mag,Z,Z_err,cterm,cterm_err,tie_band,tie_rms,n_tie,colour_lo,colour_hi,ens_chi2nu,ens_dof,check_chi2nu,check_dof,check_verdict,check_ext_offset,check_ext_rms
campaign,AC4040,G,184,158,26,15,0.000370,2.783136,0.038678,-22.551328,0.003193,0.105047,0.011137,g,0.053026,26,0.307000,0.926250,1.077985,3139,0.992147,1066,pass,-0.028822,0.063408
campaign,AC4040,R,185,166,52,20,-0.009178,2.783136,0.027598,-23.210086,0.001502,0.039193,0.003663,r,0.060026,52,0.325350,1.597800,1.062308,6091,1.035293,2072,pass,-0.029301,0.038273
campaign,AC4040,I,204,184,59,25,-0.002721,2.783136,0.022470,-23.283331,0.001382,-0.003439,0.002884,i,0.045853,58,0.330450,2.000150,1.074606,7613,1.041475,2972,pass,-0.002041,0.045152
campaign,AC4040,H,102,99,54,21,-0.006086,2.783136,0.032934,-23.441786,0.001545,-0.225879,0.003391,r,0.054052,54,0.327050,1.881150,1.143436,3754,1.019559,1369,pass,-0.011436,0.039269
campaign,AC4040,O,134,115,31,10,0.036205,2.783136,0.043656,-22.897628,0.002934,0.007620,0.010409,g,0.070207,31,0.310000,0.934500,1.091084,2831,0.902922,948,pass,-0.028566,0.034419
campaign,AC4040,1,113,106,55,21,-0.003003,2.783136,0.034821,-23.208079,0.001569,0.256641,0.004241,i,0.055052,54,0.327050,1.470100,1.119020,4204,1.091737,1492,pass,-0.030235,0.055817
template_pre,AC4040,H,8,8,59,15,-0.067650,2.783136,0.015996,-24.481334,0.002037,-0.201380,0.004608,r,0.050875,56,0.390250,1.864250,1.504673,311,1.395392,94,pass,-0.014785,0.051519
template_pre,AC4040,O,8,8,38,9,-0.376424,2.783136,0.016982,-24.656179,0.002856,0.263899,0.009407,g,0.056156,37,0.374600,1.277000,1.340575,211,1.687876,55,pass,-0.047733,0.053403
template_post,QHY600,g,37,33,70,25,1.205557,2.783136,0.157020,-27.274761,0.004441,-0.055171,0.009158,g,0.209190,70,0.221450,1.914950,1.155963,1231,0.336910,475,DEFECT (errors overestimated),-0.092503,0.088726
template_post,QHY600,r,29,24,76,27,0.224875,2.783136,0.013931,-26.641887,0.001306,-0.110472,0.002785,r,0.141584,76,0.257750,1.864250,1.350745,1002,1.127207,399,pass,-0.010421,0.086269
template_post,QHY600,i,37,30,80,26,0.185039,2.783136,0.040567,-25.359003,0.001604,-0.025050,0.003409,i,0.079306,79,0.275900,1.838900,1.161450,1532,0.936973,557,pass,-0.017015,0.044172
template_post,QHY600,ha,17,16,41,11,0.309192,2.783136,0.016576,-24.270102,0.002137,-0.288049,0.004644,r,0.070538,40,0.332150,1.994650,1.470335,377,1.631031,117,pass,-0.000711,0.053256
template_post,iKon,g,15,15,63,25,-1.964295,2.783136,0.002518,-27.562845,0.001380,0.133223,0.003012,g,0.158277,63,0.180700,1.797600,1.126691,847,1.385134,350,pass,-0.063869,0.061129
template_post,iKon,r,15,15,65,26,-0.001953,2.783136,0.003272,-27.348388,0.001302,-0.110734,0.002636,r,0.138582,65,0.194400,1.957200,1.158739,875,1.354528,362,pass,-0.018244,0.080645
