night,code,phase_d,rlmt,rlmt_err,li_sdss,li_ps1,li_err,li_n,resid,err,colour_gi,colour_in_range,li_gr_sdss
2023-05-23,G,5.533316,10.991967,0.016258,10.918091,10.952677,0.038879,4,0.039290,0.042141,-0.423904,0,-0.335154
2023-05-24,G,6.373289,11.012795,0.032480,10.924877,10.953234,0.055890,4,0.059561,0.064642,-0.372216,0,-0.290337
2023-05-27,G,9.656128,11.082653,0.036546,11.053485,11.060721,0.032173,2,0.021932,0.048690,-0.200851,0,-0.138383
2023-05-31,G,13.433678,11.151105,0.017721,11.126880,11.130071,0.026678,3,0.021034,0.032027,-0.087272,0,-0.109284
2023-06-01,G,14.600018,11.164751,0.021347,11.161519,11.159741,0.031485,4,0.005010,0.038039,-0.062950,0,-0.073539
2023-06-03,G,16.472763,11.294246,0.010776,11.201925,11.197696,0.017460,5,0.096550,0.020518,-0.025736,0,-0.055910
2023-06-04,G,17.516481,11.331877,0.012528,11.244753,11.235243,0.016726,5,0.096634,0.020898,-0.004997,0,-0.017914
2023-06-06,G,19.445248,11.394770,0.011258,11.325377,11.310957,0.015783,5,0.083812,0.019387,0.033330,0,0.017410
2023-06-07,G,20.380093,11.415313,0.014487,11.363063,11.347212,0.019614,4,0.068101,0.024384,0.044658,0,0.027704
2023-06-10,G,23.406924,11.565090,0.014335,11.489302,11.466901,0.024731,2,0.098189,0.028585,0.078547,0,0.074826
2023-06-11,G,24.451319,11.609862,0.009427,11.534282,11.510635,0.020397,3,0.099227,0.022470,0.090241,0,0.083796
2023-06-12,G,25.496725,11.659262,0.015280,11.569464,11.542538,0.025574,4,0.116723,0.029791,0.101608,0,0.107376
2023-06-13,G,26.459347,11.711152,0.012461,11.616488,11.587222,0.018057,6,0.123929,0.021939,0.112046,0,0.124210
2023-06-14,G,27.416508,11.722174,0.011075,11.661805,11.629978,0.014376,8,0.092196,0.018147,0.122426,0,0.142637
2023-06-15,G,28.445284,11.781696,0.010045,11.710808,11.676674,0.015437,7,0.105022,0.018417,0.175341,0,0.159233
2023-06-16,G,29.473070,11.829355,0.009860,11.759454,11.721775,0.022204,7,0.107580,0.024295,0.199709,0,0.184739
2023-06-22,G,35.476131,12.035478,0.012373,11.998724,11.938177,0.055781,3,0.097302,0.057137,0.302203,0,0.349259
2023-06-23,G,36.488465,12.081362,0.010649,12.018769,11.957677,0.028778,4,0.123685,0.030685,0.263896,0,0.353179
2023-06-24,G,37.473602,12.124245,0.010157,12.047449,11.984529,0.022333,5,0.139717,0.024534,0.346089,1,0.366334
2023-06-25,G,38.470058,12.095732,0.013516,12.073381,12.008926,0.022619,4,0.086807,0.026350,0.313937,1,0.377374
2023-06-26,G,39.475558,12.173847,0.023822,12.114631,12.047069,0.018629,5,0.126778,0.030241,0.357751,1,0.399724
2023-06-27,G,40.463081,12.202048,0.010491,12.149831,12.080411,0.022287,6,0.121637,0.024632,0.403407,1,0.413095
2023-06-28,G,41.411834,12.214590,0.013692,12.176886,12.105013,0.018601,5,0.109577,0.023097,0.409140,1,0.430740
2023-06-29,G,42.430054,12.286053,0.010409,12.210409,12.136256,0.023685,4,0.149797,0.025872,0.421366,1,0.447148
2023-05-23,I,5.529574,11.415998,0.010046,11.416647,11.425342,0.053490,4,-0.009344,0.054425,-0.424019,0,-0.335354
2023-05-24,I,6.434986,11.382919,0.012297,11.342400,11.350419,0.086819,4,0.032500,0.087685,-0.368710,0,-0.287045
2023-05-27,I,9.658415,11.283439,0.023212,11.323003,11.328939,0.039463,2,-0.045500,0.045783,-0.200757,0,-0.138264
2023-05-31,I,13.658612,11.234648,0.025126,11.250662,11.256436,0.022887,3,-0.021788,0.033987,-0.081656,0,-0.126712
2023-06-06,I,19.643763,11.359264,0.025604,11.343221,11.346947,0.009698,5,0.012317,0.027379,0.036414,0,0.019607
2023-06-11,I,24.626306,11.518542,0.024596,11.471361,11.474153,0.014467,3,0.044389,0.028535,0.092169,0,0.086326
2023-06-14,I,27.438470,11.599619,0.018740,11.542415,11.544412,0.009862,9,0.055207,0.021176,0.123114,0,0.143058
2023-06-15,I,28.535550,11.603771,0.014040,11.572081,11.573820,0.009649,9,0.029951,0.017036,0.178694,0,0.161473
2023-06-16,I,29.533872,11.628892,0.010170,11.603967,11.605359,0.012129,9,0.023533,0.015829,0.200290,0,0.186248
2023-06-22,I,35.508270,11.732948,0.013336,11.703411,11.702520,0.031580,5,0.030428,0.034281,0.301831,0,0.349316
2023-06-23,I,36.445824,11.819434,0.018635,11.697658,11.696720,0.025234,5,0.122714,0.031369,0.263000,0,0.352682
2023-06-24,I,37.503485,11.776777,0.009413,11.709054,11.707920,0.015207,6,0.068857,0.017885,0.346827,1,0.366733
2023-06-25,I,38.536641,11.783053,0.009763,11.716336,11.715038,0.013153,6,0.068014,0.016381,0.314343,0,0.378412
2023-06-27,I,40.488727,11.797986,0.011717,11.748026,11.746236,0.012303,7,0.051750,0.016990,0.404070,1,0.413540
2023-06-28,I,41.519004,11.805128,0.011214,11.762688,11.760635,0.009227,6,0.044493,0.014522,0.410097,1,0.432408
2023-05-23,R,5.486427,11.245922,0.008173,11.255367,11.257731,0.034714,5,-0.011809,0.035663,-0.424019,0,-0.337656
2023-05-24,R,6.372473,11.313612,0.030096,11.215251,11.217283,0.046891,5,0.096329,0.055718,-0.372266,0,-0.290380
2023-05-27,R,9.656360,11.207592,0.025984,11.191866,11.192835,0.041659,2,0.014757,0.049098,-0.200839,0,-0.138371
2023-06-03,R,16.413296,11.269877,0.015712,11.257376,11.257782,0.018207,5,0.012096,0.024049,-0.026918,0,-0.058001
2023-06-04,R,17.645777,11.325406,0.028429,11.264742,11.264847,0.014174,5,0.060559,0.031767,-0.002427,0,-0.015058
2023-06-06,R,19.643752,11.347417,0.021019,11.313734,11.313596,0.011790,5,0.033821,0.024100,0.036414,0,0.019607
2023-06-10,R,23.426009,11.460346,0.016063,11.414718,11.414192,0.019489,2,0.046154,0.025255,0.078761,0,0.075248
2023-06-11,R,24.625737,11.527785,0.028441,11.454944,11.454340,0.018837,3,0.073445,0.034114,0.092163,0,0.086318
2023-06-14,R,27.519971,11.549209,0.014323,11.522107,11.521095,0.011639,9,0.028114,0.018456,0.127342,0,0.144620
2023-06-15,R,28.522437,11.553527,0.013825,11.553312,11.552183,0.012352,9,0.001344,0.018539,0.178400,0,0.161148
2023-06-16,R,29.518464,11.583850,0.011341,11.575737,11.574436,0.015725,9,0.009414,0.019389,0.200341,0,0.185866
2023-06-22,R,35.590650,11.699274,0.026236,11.651389,11.648943,0.028225,4,0.050331,0.038535,0.298419,0,0.349464
2023-06-23,R,36.464327,11.701293,0.010182,11.665219,11.662748,0.019576,4,0.038545,0.022066,0.262234,0,0.352898
2023-06-24,R,37.463422,11.744983,0.008923,11.680955,11.678391,0.015466,5,0.066592,0.017855,0.345240,1,0.366198
2023-06-25,R,38.533922,11.735802,0.012656,11.697238,11.694590,0.017235,4,0.041212,0.021383,0.314217,0,0.378369
2023-06-26,R,39.526119,11.786418,0.020192,11.715869,11.713064,0.013116,5,0.073354,0.024078,0.360089,1,0.400710
2023-06-27,R,40.436342,11.764088,0.007864,11.736398,11.733509,0.016325,6,0.030579,0.018120,0.402171,1,0.412630
2023-06-28,R,41.529481,11.808397,0.021024,11.748172,11.745144,0.014097,5,0.063253,0.025312,0.410226,1,0.432571
2023-06-29,R,42.517465,11.804375,0.019875,11.764658,11.761517,0.018055,4,0.042857,0.026851,0.422447,1,0.448656
