night,filter_code,phase_d,band_role,n_frames,n_measured,n_clean,n_suspect,n_rejected,n_bounded_clean,n_undetermined,n_spectra,max_peak_adu,min_peak_adu,min_exptime,max_exptime
2023-05-19,G,1.638890,broadband,8,8,0,0,3,0,5,0,3545.000000,3517.000000,255.999985,255.999985
2023-05-19,R,1.614310,broadband,7,7,0,0,3,0,4,0,3538.000000,3515.000000,255.999985,255.999985
2023-05-19,X,1.670171,other,6,6,0,0,6,0,0,0,3535.000000,3522.000000,255.999985,255.999985
2023-05-20,1,2.502667,narrowband,4,4,2,0,0,1,1,0,1849.000000,765.000000,64.000015,64.000015
2023-05-20,G,2.500356,broadband,4,4,0,0,4,0,0,0,3537.000000,3516.000000,32.000008,32.000008
2023-05-20,H,2.503724,narrowband,4,4,2,0,1,0,1,0,1883.000000,825.000000,64.000015,64.000015
2023-05-20,I,2.505450,broadband,4,4,0,0,4,0,0,0,3416.000000,2778.000000,32.000008,32.000008
2023-05-20,O,2.501484,narrowband,4,4,1,0,2,0,1,0,3426.000000,1403.000000,64.000015,64.000015
2023-05-20,R,2.500878,broadband,4,4,0,0,4,0,0,0,3531.000000,3413.000000,32.000008,32.000008
2023-05-21,1,3.458287,narrowband,5,5,0,0,5,0,0,0,2929.000000,2141.000000,128.000031,128.000031
2023-05-21,6,3.461901,other,4,4,0,0,0,0,4,4,3525.000000,3513.000000,255.999985,255.999985
2023-05-21,G,3.455366,broadband,5,5,0,0,5,0,0,0,3477.000000,3352.000000,7.999981,7.999981
2023-05-21,H,3.460017,narrowband,5,5,0,0,4,0,1,0,3525.000000,2686.000000,128.000031,128.000031
2023-05-21,I,3.454981,broadband,5,5,0,0,5,0,0,0,3355.000000,2891.000000,15.999963,15.999963
2023-05-21,O,3.455928,narrowband,5,5,0,0,4,0,1,0,3517.000000,3186.000000,128.000031,128.000031
2023-05-21,R,3.455603,broadband,5,5,0,0,5,0,0,0,3358.000000,3203.000000,7.999981,7.999981
2023-05-23,1,5.367495,narrowband,5,5,5,0,0,0,0,0,1181.000000,535.000000,32.000008,32.000008
2023-05-23,6,5.363771,other,9,9,0,0,0,0,9,9,3513.000000,3285.000000,64.000015,128.000031
2023-05-23,G,5.372501,broadband,10,10,5,0,5,0,0,0,3222.000000,366.000000,0.499983,2.000016
2023-05-23,H,5.370421,narrowband,6,6,3,0,0,0,3,0,2525.000000,861.000000,32.000008,32.000008
2023-05-23,I,5.373467,broadband,10,10,8,0,0,2,0,0,990.000000,127.000000,0.499983,2.000016
2023-05-23,O,5.369007,narrowband,4,4,1,0,0,0,3,0,2542.000000,1564.000000,32.000008,32.000008
2023-05-23,R,5.371719,broadband,9,9,9,0,0,0,0,0,1778.000000,311.000000,0.499983,2.000016
2023-05-24,1,6.368133,narrowband,3,3,3,0,0,0,0,0,1270.000000,824.000000,32.000008,32.000008
2023-05-24,6,6.364020,other,4,4,0,0,0,0,4,4,3519.000000,3367.000000,64.000015,128.000031
2023-05-24,G,6.373289,broadband,2,2,1,0,1,0,0,0,2392.000000,565.000000,0.499983,2.000016
2023-05-24,H,6.371119,narrowband,3,3,3,0,0,0,0,0,1236.000000,985.000000,32.000008,32.000008
2023-05-24,I,6.374244,broadband,4,4,4,0,0,0,0,0,959.000000,278.000000,0.499983,2.000016
2023-05-24,O,6.369691,narrowband,1,1,0,0,0,0,1,0,3146.000000,3146.000000,32.000008,32.000008
2023-05-24,R,6.372473,broadband,2,2,1,0,1,0,0,0,1821.000000,444.000000,0.499983,2.000016
2023-05-26,1,8.365584,narrowband,7,7,1,0,0,0,6,0,3398.000000,1318.000000,64.000015,64.000015
2023-05-26,6,8.361903,other,7,7,0,0,0,0,7,7,3539.000000,3514.000000,255.999985,255.999985
2023-05-26,G,8.369313,broadband,6,6,2,0,1,3,0,0,1835.000000,223.000000,2.000016,2.000016
2023-05-26,H,8.367987,narrowband,5,5,1,0,0,0,4,0,3413.000000,1457.000000,64.000015,64.000015
2023-05-26,I,8.369596,broadband,9,9,6,0,0,3,0,0,1549.000000,178.000000,4.000032,4.000032
2023-05-26,O,8.366982,narrowband,9,9,0,0,1,0,8,0,3402.000000,2340.000000,64.000015,64.000015
2023-05-26,R,8.368968,broadband,5,5,2,0,2,1,0,0,2143.000000,439.000000,4.000032,4.000032
2023-05-27,1,9.369111,narrowband,8,8,0,0,6,0,2,0,3500.000000,3115.000000,128.000031,128.000031
2023-05-27,6,9.362479,other,8,8,0,0,0,0,8,8,3545.000000,3511.000000,512.000061,512.000061
2023-05-27,G,9.374946,broadband,6,6,1,0,5,0,0,0,3074.000000,676.000000,2.000016,2.000016
2023-05-27,H,9.372221,narrowband,5,5,0,0,2,0,3,0,3516.000000,3325.000000,128.000031,128.000031
2023-05-27,I,9.375221,broadband,7,7,1,0,6,0,0,0,3336.000000,1726.000000,7.999981,7.999981
2023-05-27,O,9.371595,narrowband,8,8,0,0,7,0,1,0,3284.000000,2921.000000,64.000015,64.000015
2023-05-27,R,9.374984,broadband,5,5,1,0,4,0,0,0,3245.000000,1669.000000,4.000032,4.000032
2023-05-28,1,10.369615,narrowband,9,9,0,0,6,0,3,0,3525.000000,2262.000000,128.000031,128.000031
2023-05-28,6,10.362973,other,8,8,0,0,0,0,8,8,3548.000000,3510.000000,512.000061,512.000061
2023-05-28,G,10.375807,broadband,7,7,4,0,2,1,0,1,3271.000000,467.000000,2.000016,2.000016
2023-05-28,H,10.373085,narrowband,8,8,0,0,1,0,7,0,3525.000000,3180.000000,128.000031,128.000031
2023-05-28,I,10.376079,broadband,8,8,0,0,8,0,0,0,3357.000000,1861.000000,7.999981,7.999981
2023-05-28,O,10.372093,narrowband,9,9,0,0,4,0,5,0,3403.000000,2659.000000,64.000015,64.000015
2023-05-28,R,10.375848,broadband,7,7,0,0,7,0,0,0,3341.000000,2250.000000,4.000032,4.000032
2023-05-29,1,11.370075,narrowband,8,8,0,0,5,0,3,0,3505.000000,3212.000000,128.000031,128.000031
2023-05-29,6,11.363438,other,8,8,0,0,0,0,8,8,3543.000000,3505.000000,512.000061,512.000061
2023-05-29,G,11.376933,broadband,7,7,1,0,5,1,0,0,3151.000000,630.000000,2.000016,2.000016
2023-05-29,H,11.374188,narrowband,7,7,0,0,1,0,6,0,3510.000000,3242.000000,128.000031,128.000031
2023-05-29,I,11.377308,broadband,7,7,0,0,7,0,0,0,3267.000000,1801.000000,7.999981,7.999981
2023-05-29,O,11.373240,narrowband,6,6,1,0,4,0,1,0,3385.000000,1689.000000,64.000015,64.000015
2023-05-29,R,11.376956,broadband,6,6,0,0,6,0,0,0,3310.000000,1982.000000,4.000032,4.000032
2023-05-31,1,13.364474,narrowband,7,7,0,0,5,0,2,0,3543.000000,2873.000000,128.000031,128.000031
2023-05-31,6,13.376307,other,7,7,0,0,0,0,7,7,3533.000000,3510.000000,512.000061,512.000061
2023-05-31,G,13.371187,broadband,7,7,2,0,5,0,0,0,2641.000000,557.000000,2.000016,2.000016
2023-05-31,H,13.368544,narrowband,7,7,0,0,2,0,5,0,3474.000000,3050.000000,128.000031,128.000031
2023-05-31,I,13.371471,broadband,8,8,1,0,7,0,0,0,3234.000000,1734.000000,7.999981,7.999981
2023-05-31,O,13.367545,narrowband,7,7,0,0,2,0,5,0,3334.000000,1991.000000,64.000015,64.000015
2023-05-31,R,13.371214,broadband,7,7,0,0,7,0,0,0,3279.000000,1976.000000,4.000032,4.000032
2023-06-01,1,14.364826,narrowband,6,6,0,0,4,0,2,0,3516.000000,2364.000000,128.000031,128.000031
2023-06-01,6,14.371852,other,7,7,0,0,0,0,7,7,3573.000000,3508.000000,512.000061,512.000061
2023-06-01,G,14.367530,broadband,6,6,2,0,1,3,0,0,1808.000000,339.000000,2.000016,2.000016
2023-06-01,H,14.379961,narrowband,5,5,0,0,0,0,5,0,3490.000000,3428.000000,128.000031,128.000031
2023-06-01,I,14.382237,broadband,7,7,1,0,5,1,0,0,2864.000000,990.000000,7.999981,7.999981
2023-06-01,O,14.378478,narrowband,8,8,1,0,1,0,6,0,3362.000000,1462.000000,64.000015,64.000015
2023-06-01,R,14.367570,broadband,6,6,0,0,4,2,0,0,3154.000000,556.000000,4.000032,4.000032
2023-06-03,1,16.404103,narrowband,8,8,0,0,5,0,3,0,3509.000000,2811.000000,128.000031,128.000031
2023-06-03,6,16.396499,other,7,7,0,0,0,0,7,7,3567.000000,3529.000000,512.000061,512.000061
2023-06-03,G,16.410943,broadband,7,7,4,0,2,0,1,0,2470.000000,1132.000000,2.000016,2.000016
2023-06-03,H,16.408205,narrowband,6,6,0,0,2,0,4,0,3509.000000,3279.000000,128.000031,128.000031
2023-06-03,I,16.411229,broadband,8,8,2,0,6,0,0,0,3215.000000,781.000000,7.999981,7.999981
2023-06-03,O,16.407226,narrowband,7,7,1,0,3,0,3,0,3366.000000,1223.000000,64.000015,64.000015
2023-06-03,R,16.410970,broadband,7,7,1,0,5,1,0,0,3290.000000,537.000000,4.000032,4.000032
2023-06-04,1,17.397519,narrowband,3,3,0,0,0,0,3,0,3533.000000,3491.000000,128.000031,128.000031
2023-06-04,6,17.654664,other,3,3,0,0,0,0,3,3,3528.000000,3521.000000,512.000061,512.000061
2023-06-04,G,17.405282,broadband,6,6,4,0,2,0,0,0,2392.000000,979.000000,2.000016,2.000016
2023-06-04,H,17.402183,narrowband,3,3,0,0,0,0,3,0,3526.000000,3451.000000,128.000031,128.000031
2023-06-04,I,17.405564,broadband,6,6,0,0,6,0,0,0,3235.000000,2565.000000,7.999981,7.999981
2023-06-04,O,17.399909,narrowband,3,3,0,0,1,0,2,0,3423.000000,2543.000000,64.000015,64.000015
2023-06-04,R,17.405302,broadband,6,6,1,0,5,0,0,0,3172.000000,1475.000000,4.000032,4.000032
2023-06-06,1,19.417590,narrowband,3,3,0,0,2,0,1,0,3504.000000,3023.000000,128.000031,128.000031
2023-06-06,G,19.373330,broadband,8,8,4,0,4,0,0,0,2849.000000,646.000000,2.000016,2.000016
2023-06-06,H,19.419889,narrowband,3,3,0,0,1,0,2,0,3496.000000,3261.000000,128.000031,128.000031
2023-06-06,I,19.410597,broadband,9,9,1,0,8,0,0,0,3250.000000,1344.000000,7.999981,7.999981
2023-06-06,O,19.371234,narrowband,6,6,0,0,5,0,1,0,3319.000000,2071.000000,64.000015,64.000015
2023-06-06,R,19.372963,broadband,8,8,2,0,6,0,0,0,3354.000000,1484.000000,4.000032,4.000032
2023-06-07,1,20.371646,narrowband,2,2,0,0,1,0,1,0,3516.000000,2423.000000,128.000031,128.000031
2023-06-07,G,20.377837,broadband,4,4,3,0,1,0,0,0,1951.000000,822.000000,2.000016,2.000016
2023-06-07,H,20.375166,narrowband,1,1,0,0,1,0,0,0,3114.000000,3114.000000,128.000031,128.000031
2023-06-07,I,20.378121,broadband,5,5,2,0,3,0,0,0,3209.000000,1732.000000,7.999981,7.999981
2023-06-07,O,20.374137,narrowband,2,2,1,0,0,0,1,0,3371.000000,1504.000000,64.000015,64.000015
2023-06-07,R,20.377832,broadband,4,4,1,0,3,0,0,0,3017.000000,1534.000000,4.000032,4.000032
2023-06-10,1,23.382219,narrowband,3,3,0,0,1,0,2,0,3480.000000,2704.000000,128.000031,128.000031
2023-06-10,6,23.375930,other,1,1,0,0,0,0,1,1,3546.000000,3546.000000,512.000061,512.000061
2023-06-10,G,23.388678,broadband,7,7,4,0,1,2,0,0,1803.000000,226.000000,2.000016,2.000016
2023-06-10,H,23.385913,narrowband,2,2,0,0,0,0,2,0,3513.000000,3457.000000,128.000031,128.000031
2023-06-10,I,23.388962,broadband,7,7,2,0,4,1,0,0,2665.000000,485.000000,7.999981,7.999981
2023-06-10,O,23.384734,narrowband,5,5,1,0,0,0,4,0,3473.000000,1606.000000,64.000015,64.000015
2023-06-10,R,23.388681,broadband,7,7,3,0,2,2,0,0,2237.000000,370.000000,4.000032,4.000032
2023-06-11,1,24.420091,narrowband,1,1,0,0,0,0,1,0,3482.000000,3482.000000,128.000031,128.000031
2023-06-11,6,24.373045,other,1,1,0,0,0,0,1,1,3550.000000,3550.000000,512.000061,512.000061
2023-06-11,G,24.380468,broadband,7,7,6,0,1,0,0,0,1808.000000,742.000000,2.000016,2.000016
2023-06-11,H,24.479560,narrowband,2,2,0,0,1,0,1,0,3453.000000,3381.000000,128.000031,128.000031
2023-06-11,I,24.380751,broadband,7,7,1,0,6,0,0,0,3130.000000,1752.000000,7.999981,7.999981
2023-06-11,O,24.445484,narrowband,5,5,2,0,2,0,1,0,3300.000000,1502.000000,64.000015,64.000015
2023-06-11,R,24.379745,broadband,7,7,1,0,6,0,0,0,3153.000000,1157.000000,4.000032,4.000032
2023-06-12,1,25.373348,narrowband,4,4,0,0,3,0,1,0,3448.000000,3068.000000,128.000031,128.000031
2023-06-12,G,25.377270,broadband,5,5,3,0,2,0,0,0,3060.000000,820.000000,2.000016,2.000016
2023-06-12,H,25.422330,narrowband,4,4,0,0,1,0,3,0,3464.000000,3356.000000,128.000031,128.000031
2023-06-12,I,25.377563,broadband,5,5,0,0,5,0,0,0,3403.000000,2357.000000,7.999981,7.999981
2023-06-12,O,25.375466,narrowband,4,4,0,0,2,0,2,0,3370.000000,2431.000000,64.000015,64.000015
2023-06-12,R,25.376905,broadband,5,5,0,0,5,0,0,0,3391.000000,1854.000000,4.000032,4.000032
2023-06-13,1,26.395660,narrowband,9,9,0,0,8,0,1,0,3512.000000,2398.000000,128.000031,128.000031
2023-06-13,6,26.389393,other,6,6,0,0,0,0,6,6,3557.000000,3523.000000,512.000061,512.000061
2023-06-13,G,26.379167,broadband,5,5,3,0,2,0,0,0,2353.000000,1232.000000,2.000016,2.000016
2023-06-13,H,26.398766,narrowband,9,9,0,0,6,0,3,0,3511.000000,3216.000000,128.000031,128.000031
2023-06-13,I,26.379454,broadband,7,7,0,0,7,0,0,0,3210.000000,1935.000000,7.999981,7.999981
2023-06-13,O,26.398140,narrowband,8,8,1,0,5,0,2,0,3348.000000,1418.000000,64.000015,64.000015
2023-06-13,R,26.378838,broadband,5,5,0,0,5,0,0,0,3224.000000,1817.000000,4.000032,4.000032
2023-06-14,1,27.491444,narrowband,2,2,1,0,1,0,0,0,2435.000000,1796.000000,128.000031,128.000031
2023-06-14,G,27.374664,broadband,5,5,4,0,0,1,0,0,1502.000000,234.000000,2.000016,2.000016
2023-06-14,H,27.606385,narrowband,1,1,0,0,0,0,1,0,3440.000000,3440.000000,128.000031,128.000031
2023-06-14,I,27.374948,broadband,7,7,2,0,5,0,0,0,2547.000000,433.000000,7.999981,7.999981
2023-06-14,O,27.526768,narrowband,5,5,2,0,1,0,2,0,3307.000000,1150.000000,64.000015,64.000015
2023-06-14,R,27.373933,broadband,5,5,2,0,3,0,0,0,2735.000000,1568.000000,4.000032,4.000032
2023-06-15,1,28.445990,narrowband,2,2,0,0,1,0,1,0,3500.000000,2091.000000,128.000031,128.000031
2023-06-15,G,28.392311,broadband,6,6,5,0,0,1,0,0,1281.000000,267.000000,2.000016,2.000016
2023-06-15,H,28.486391,narrowband,1,1,0,0,0,0,1,0,3497.000000,3497.000000,128.000031,128.000031
2023-06-15,I,28.392598,broadband,6,6,2,0,3,1,0,0,2863.000000,741.000000,7.999981,7.999981
2023-06-15,O,28.484693,narrowband,7,7,0,0,0,0,7,0,3396.000000,3361.000000,64.000015,64.000015
2023-06-15,R,28.391942,broadband,7,7,3,0,3,1,0,0,2459.000000,116.000000,4.000032,4.000032
2023-06-16,1,29.403730,narrowband,3,3,0,0,1,0,2,0,3515.000000,2116.000000,128.000031,128.000031
2023-06-16,G,29.386627,broadband,7,7,6,0,0,1,0,0,1197.000000,348.000000,2.000016,2.000016
2023-06-16,H,29.501711,narrowband,2,2,0,0,0,0,2,0,3509.000000,3509.000000,128.000031,128.000031
2023-06-16,I,29.386906,broadband,7,7,5,0,2,0,0,0,2284.000000,1323.000000,7.999981,7.999981
2023-06-16,O,29.454569,narrowband,7,7,1,0,0,0,6,0,3405.000000,1307.000000,64.000015,64.000015
2023-06-16,R,29.386651,broadband,7,7,3,0,4,0,0,0,3005.000000,1456.000000,4.000032,4.000032
2023-06-17,1,30.418056,narrowband,2,2,0,0,1,0,1,0,3519.000000,3049.000000,128.000031,128.000031
2023-06-17,G,30.419012,broadband,5,5,4,0,1,0,0,0,65535.000000,909.000000,2.000016,2.000016
2023-06-17,H,30.470129,narrowband,2,2,0,0,0,0,2,0,3519.000000,3498.000000,128.000031,128.000031
2023-06-17,I,30.419300,broadband,7,7,2,0,5,0,0,0,2975.000000,1331.000000,7.999981,7.999981
2023-06-17,O,30.470035,narrowband,3,3,1,0,0,0,2,0,3421.000000,1274.000000,64.000015,64.000015
2023-06-17,R,30.419013,broadband,5,5,0,0,5,0,0,0,2556.000000,1952.000000,4.000032,4.000032
2023-06-18,1,31.410027,narrowband,2,2,0,0,0,0,2,0,3553.000000,3522.000000,128.000031,128.000031
2023-06-18,G,31.413621,broadband,6,6,3,0,0,3,0,0,1627.000000,302.000000,2.000016,2.000016
2023-06-18,H,31.492596,narrowband,2,2,0,0,1,0,1,0,3526.000000,3222.000000,128.000031,128.000031
2023-06-18,I,31.413887,broadband,4,4,2,0,1,1,0,0,3126.000000,1232.000000,7.999981,7.999981
2023-06-18,O,31.412454,narrowband,4,4,1,0,0,0,3,0,3457.000000,1274.000000,64.000015,64.000015
2023-06-18,R,31.413291,broadband,5,5,1,0,1,3,0,0,1832.000000,569.000000,4.000032,4.000032
2023-06-21,G,34.414159,broadband,7,7,2,0,0,5,0,0,1166.000000,298.000000,2.000016,2.000016
2023-06-21,I,34.426978,broadband,7,7,0,0,1,6,0,0,1924.000000,891.000000,7.999981,7.999981
2023-06-21,O,34.496884,narrowband,3,3,1,0,0,0,2,0,3405.000000,1206.000000,64.000015,64.000015
2023-06-21,R,34.371127,broadband,7,7,1,0,1,5,0,0,2295.000000,519.000000,4.000032,4.000032
2023-06-22,G,35.412803,broadband,7,7,3,0,0,4,0,0,865.000000,253.000000,2.000016,2.000016
2023-06-22,I,35.412352,broadband,7,7,3,0,3,1,0,0,2338.000000,764.000000,7.999981,7.999981
2023-06-22,R,35.384007,broadband,6,6,1,0,3,2,0,0,2174.000000,621.000000,4.000032,4.000032
2023-06-23,1,36.516504,narrowband,8,8,2,0,5,0,1,0,3189.000000,1226.000000,128.000031,128.000031
2023-06-23,6,36.510585,other,3,3,0,0,0,0,3,3,3555.000000,3549.000000,512.000061,512.000061
2023-06-23,G,36.394239,broadband,6,6,6,0,0,0,0,0,1163.000000,447.000000,2.000016,2.000016
2023-06-23,H,36.518960,narrowband,7,7,0,0,2,0,5,0,3513.000000,3217.000000,128.000031,128.000031
2023-06-23,I,36.445824,broadband,6,6,1,0,5,0,0,0,2812.000000,1671.000000,7.999981,7.999981
2023-06-23,O,36.498059,narrowband,8,8,2,0,2,0,4,0,3388.000000,1490.000000,64.000015,64.000015
2023-06-23,R,36.393706,broadband,6,6,3,0,3,0,0,0,2566.000000,1325.000000,4.000032,4.000032
2023-06-24,G,37.392886,broadband,7,7,7,0,0,0,0,0,858.000000,331.000000,2.000016,2.000016
2023-06-24,I,37.393172,broadband,6,6,5,0,1,0,0,0,1929.000000,640.000000,7.999981,7.999981
2023-06-24,O,37.420728,narrowband,3,3,0,0,0,0,3,0,3463.000000,3409.000000,64.000015,64.000015
2023-06-24,R,37.395127,broadband,6,6,4,0,2,0,0,0,1843.000000,1492.000000,4.000032,4.000032
2023-06-25,G,38.455276,broadband,5,5,5,0,0,0,0,0,1427.000000,409.000000,2.000016,2.000016
2023-06-25,I,38.455555,broadband,7,7,6,0,1,0,0,0,3123.000000,816.000000,7.999981,7.999981
2023-06-25,O,38.453225,narrowband,4,4,1,0,0,0,3,0,3474.000000,1604.000000,64.000015,64.000015
2023-06-25,R,38.454927,broadband,5,5,3,0,2,0,0,0,3160.000000,1238.000000,4.000032,4.000032
2023-06-26,1,39.445087,narrowband,5,5,1,0,0,0,4,0,3552.000000,1651.000000,128.000031,128.000031
2023-06-26,G,39.384700,broadband,5,5,2,0,0,3,0,0,859.000000,347.000000,2.000016,2.000016
2023-06-26,H,39.473998,narrowband,6,6,0,0,0,0,6,0,3555.000000,3533.000000,128.000031,128.000031
2023-06-26,I,39.384975,broadband,4,4,1,0,1,1,1,0,2000.000000,492.000000,7.999981,7.999981
2023-06-26,O,39.422228,narrowband,5,5,0,0,0,0,5,0,3527.000000,3437.000000,64.000015,64.000015
2023-06-26,R,39.384728,broadband,6,6,2,0,1,3,0,0,2554.000000,702.000000,4.000032,4.000032
2023-06-27,G,40.381625,broadband,6,6,6,0,0,0,0,0,811.000000,393.000000,2.000016,2.000016
2023-06-27,I,40.439610,broadband,6,6,3,0,3,0,0,0,1839.000000,1101.000000,7.999981,7.999981
2023-06-27,O,40.382480,narrowband,5,5,0,0,0,0,5,0,3508.000000,3427.000000,64.000015,64.000015
2023-06-27,R,40.381258,broadband,5,5,5,0,0,0,0,0,1777.000000,1066.000000,4.000032,4.000032
2023-06-28,G,41.378377,broadband,4,4,4,0,0,0,0,0,1181.000000,355.000000,2.000016,2.000016
2023-06-28,I,41.378667,broadband,6,6,5,0,1,0,0,0,2809.000000,383.000000,7.999981,7.999981
2023-06-28,O,41.376262,narrowband,4,4,0,0,0,0,4,0,3492.000000,3384.000000,64.000015,64.000015
2023-06-28,R,41.378011,broadband,4,4,1,0,2,1,0,0,2908.000000,737.000000,4.000032,4.000032
2023-06-29,G,42.374453,broadband,5,5,5,0,0,0,0,0,933.000000,550.000000,2.000016,2.000016
2023-06-29,I,42.374739,broadband,5,5,0,0,5,0,0,0,2309.000000,1858.000000,7.999981,7.999981
2023-06-29,O,42.372363,narrowband,2,2,0,0,0,0,2,0,3496.000000,3475.000000,64.000015,64.000015
2023-06-29,R,42.374087,broadband,6,6,1,0,5,0,0,0,2646.000000,1517.000000,4.000032,4.000032
2023-07-05,1,48.554617,narrowband,1,1,0,0,1,0,0,0,1966.000000,1966.000000,128.000031,128.000031
2023-07-05,G,48.377661,broadband,5,5,5,0,0,0,0,0,871.000000,376.000000,2.000016,2.000016
2023-07-05,H,48.562038,narrowband,1,1,0,0,0,0,1,0,3537.000000,3537.000000,128.000031,128.000031
2023-07-05,I,48.377945,broadband,6,6,2,0,4,0,0,0,2208.000000,907.000000,7.999981,7.999981
2023-07-05,O,48.412395,narrowband,5,5,1,0,0,0,4,0,3475.000000,1156.000000,64.000015,64.000015
2023-07-05,R,48.376943,broadband,5,5,4,0,1,0,0,0,1951.000000,1022.000000,4.000032,4.000032
2023-07-06,1,49.414928,narrowband,4,4,2,0,2,0,0,0,2263.000000,1532.000000,128.000031,128.000031
2023-07-06,G,49.399267,broadband,6,6,6,0,0,0,0,0,783.000000,378.000000,2.000016,2.000016
2023-07-06,H,49.436929,narrowband,5,5,0,0,0,0,5,0,3562.000000,3543.000000,128.000031,128.000031
2023-07-06,I,49.399550,broadband,6,6,4,0,2,0,0,0,2257.000000,1005.000000,7.999981,7.999981
2023-07-06,O,49.422114,narrowband,6,6,2,0,0,0,4,0,3497.000000,787.000000,64.000015,64.000015
2023-07-06,R,49.399278,broadband,6,6,5,0,1,0,0,0,1985.000000,370.000000,4.000032,4.000032
