night,filter_code,n_frames,bjd_tdb,phase_d,mag_natural,err,chi2nu_within_night,mag_ps1,sn_colour_gi_ps1,colour_in_training_range
2023-05-20,1,3,2460085.884152,2.591729,11.904809,0.011330,4.410011,,,
2023-05-23,1,2,2460088.749847,5.457733,11.135545,0.014208,10.637871,,,
2023-05-24,1,3,2460089.736634,6.444566,11.090809,0.011728,0.635228,,,
2023-05-26,1,1,2460091.657749,8.365584,11.153384,0.018160,,,,
2023-06-14,1,1,2460110.783057,27.491444,11.388672,0.017629,,,,
2023-06-23,1,2,2460119.896812,36.605647,11.510181,0.012970,0.585488,,,
2023-06-26,1,1,2460122.789883,39.498858,11.545769,0.017849,,,,
2023-07-06,1,2,2460132.791793,49.501242,11.654347,0.012792,0.448781,,,
2023-05-23,G,5,2460088.825246,5.533316,10.863400,0.016258,0.199507,10.991967,-0.423904,0
2023-05-24,G,1,2460089.665178,6.373289,10.889658,0.032480,,11.012795,-0.372216,0
2023-05-26,G,2,2460091.699086,8.407283,10.991204,0.014270,0.013037,11.103177,-0.265931,0
2023-05-27,G,1,2460092.947875,9.656128,10.977517,0.036546,,11.082653,-0.200851,0
2023-05-28,G,4,2460093.859536,10.567831,10.984380,0.013367,1.108018,11.086635,-0.173420,0
2023-05-29,G,1,2460094.674408,11.382744,10.974814,0.020493,,11.074495,-0.148924,0
2023-05-31,G,2,2460096.725246,13.433678,11.057900,0.017721,0.365315,11.151105,-0.087272,0
2023-06-01,G,2,2460097.891532,14.600018,11.074101,0.021347,0.347563,11.164751,-0.062950,0
2023-06-03,G,4,2460099.764185,16.472763,11.207505,0.010776,1.720472,11.294246,-0.025736,0
2023-06-04,G,4,2460100.807853,17.516481,11.247315,0.012528,0.661194,11.331877,-0.004997,0
2023-06-06,G,4,2460102.736526,19.445248,11.314233,0.011258,0.557899,11.394770,0.033330,0
2023-06-07,G,2,2460103.671325,20.380093,11.335967,0.014487,0.340267,11.415313,0.044658,0
2023-06-10,G,2,2460106.698008,23.406924,11.489304,0.014335,0.125966,11.565090,0.078547,0
2023-06-11,G,6,2460107.742353,24.451319,11.535304,0.009427,1.916378,11.609862,0.090241,0
2023-06-12,G,3,2460108.787708,25.496725,11.585898,0.015280,0.738328,11.659262,0.101608,0
2023-06-13,G,3,2460109.750282,26.459347,11.638884,0.012461,1.739385,11.711152,0.112046,0
2023-06-14,G,4,2460110.707395,27.416508,11.650997,0.011075,3.084852,11.722174,0.122426,0
2023-06-15,G,5,2460111.736121,28.445284,11.716077,0.010045,1.276827,11.781696,0.175341,0
2023-06-16,G,6,2460112.763856,29.473070,11.766296,0.009860,2.528282,11.829355,0.199709,0
2023-06-17,G,4,2460113.737947,30.447209,11.788496,0.010684,0.271871,11.851810,0.197270,0
2023-06-18,G,3,2460114.761616,31.470927,11.830198,0.013408,2.019607,11.890174,0.229053,0
2023-06-21,G,1,2460117.704702,34.414159,11.902820,0.020889,,11.957149,0.282808,0
2023-06-22,G,4,2460118.766622,35.476131,11.983187,0.012373,0.560554,12.035478,0.302203,0
2023-06-23,G,6,2460119.778906,36.488465,12.025046,0.010649,3.336135,12.081362,0.263896,0
2023-06-24,G,6,2460120.763996,37.473602,12.076563,0.010157,5.211702,12.124245,0.346089,1
2023-06-25,G,3,2460121.760403,38.470058,12.044673,0.013516,3.510552,12.095732,0.313937,1
2023-06-26,G,1,2460122.765855,39.475558,12.127390,0.023822,,12.173847,0.357751,1
2023-06-27,G,6,2460123.753330,40.463081,12.160387,0.010491,2.313442,12.202048,0.403407,1
2023-06-28,G,3,2460124.702036,41.411834,12.173532,0.013692,0.029582,12.214590,0.409140,1
2023-06-29,G,5,2460125.720208,42.430054,12.246278,0.010409,0.926046,12.286053,0.421366,1
2023-07-05,G,5,2460131.720883,48.431011,12.365401,0.010800,0.699735,12.397378,0.495592,1
2023-07-06,G,4,2460132.721634,49.431809,12.417478,0.011888,1.339350,12.448257,0.506994,1
2023-05-20,H,2,2460085.849887,2.557463,11.848714,0.024604,1.162214,,,
2023-05-23,H,2,2460088.749749,5.457636,11.213983,0.024724,1.359046,,,
2023-05-24,H,3,2460089.709961,6.417892,11.212297,0.020256,0.174806,,,
2023-05-26,H,1,2460091.660151,8.367987,11.280806,0.034283,,,,
2023-05-23,I,10,2460088.821509,5.529574,11.420207,0.010046,0.880007,11.415998,-0.424019,0
2023-05-24,I,4,2460089.726880,6.434986,11.386937,0.012297,0.102240,11.382919,-0.368710,0
2023-05-27,I,1,2460092.950198,9.658415,11.286880,0.023212,,11.283439,-0.200757,0
2023-05-31,I,1,2460096.950206,13.658612,11.237680,0.025126,,11.234648,-0.081656,0
2023-06-06,I,1,2460102.935068,19.643763,11.361890,0.025604,,11.359264,0.036414,0
2023-06-11,I,1,2460107.917367,24.626306,11.520976,0.024596,,11.518542,0.092169,0
2023-06-14,I,1,2460110.729391,27.438470,11.601946,0.018740,,11.599619,0.123114,0
2023-06-15,I,2,2460111.826418,28.535550,11.605907,0.014040,0.329254,11.603771,0.178694,0
2023-06-16,I,4,2460112.824690,29.533872,11.630955,0.010170,1.406667,11.628892,0.200290,0
2023-06-17,I,2,2460113.877932,30.587165,11.656870,0.016124,0.082845,11.654805,0.199417,0
2023-06-18,I,1,2460114.710290,31.419565,11.663604,0.018381,,11.661636,0.227711,0
2023-06-22,I,3,2460118.798793,35.508270,11.734661,0.013336,3.870987,11.732948,0.301831,0
2023-06-23,I,1,2460119.736301,36.445824,11.821281,0.018635,,11.819434,0.263000,0
2023-06-24,I,5,2460120.793913,37.503485,11.778335,0.009413,8.232996,11.776777,0.346827,1
2023-06-25,I,5,2460121.827018,38.536641,11.784723,0.009763,1.217155,11.783053,0.314343,0
2023-06-27,I,3,2460123.779010,40.488727,11.799348,0.011717,0.019228,11.797986,0.404070,1
2023-06-28,I,4,2460124.809237,41.519004,11.806468,0.011214,0.638145,11.805128,0.410097,1
2023-07-05,I,2,2460131.782490,48.492585,11.902411,0.014326,0.297704,11.901367,0.496322,1
2023-07-06,I,4,2460132.750148,49.460289,11.942091,0.010926,1.502533,11.941084,0.507156,1
2023-05-20,O,1,2460085.793909,2.501484,11.769136,0.045509,,,,
2023-05-23,O,1,2460088.661124,5.369007,11.086546,0.045588,,,,
2023-05-29,O,1,2460094.675634,11.383611,11.119345,0.045275,,,,
2023-06-03,O,1,2460099.703753,16.411969,11.314740,0.045492,,,,
2023-06-07,O,1,2460103.674812,20.383221,11.482871,0.045253,,,,
2023-06-10,O,1,2460106.681172,23.389728,11.612943,0.045163,,,,
2023-06-11,O,2,2460107.764733,24.473342,11.642633,0.031885,0.327961,,,
2023-06-13,O,1,2460109.901312,26.610024,11.641628,0.045601,,,,
2023-06-14,O,2,2460110.878368,27.587129,11.746395,0.032340,0.613652,,,
2023-06-16,O,1,2460112.747475,29.456330,11.810019,0.045330,,,,
2023-06-17,O,1,2460113.761130,30.470035,11.870016,0.045419,,,,
2023-06-18,O,1,2460114.785004,31.493958,11.855570,0.045694,,,,
2023-06-21,O,1,2460117.787782,34.496884,11.902437,0.045746,,,,
2023-06-23,O,2,2460119.826333,36.535535,11.991003,0.032220,0.255628,,,
2023-06-25,O,1,2460121.743929,38.453225,12.033876,0.045539,,,,
2023-07-05,O,1,2460131.702626,48.412395,12.166173,0.045419,,,,
2023-07-06,O,2,2460132.738605,49.448422,12.208097,0.032530,4.123327,,,
2023-05-23,R,9,2460088.778364,5.486427,11.197950,0.008173,0.946231,11.245922,-0.424019,0
2023-05-24,R,1,2460089.664362,6.372473,11.267668,0.030096,,11.313612,-0.372266,0
2023-05-26,R,1,2460091.660785,8.368968,11.196602,0.016106,,11.238457,-0.267927,0
2023-05-27,R,1,2460092.948119,9.656360,11.168366,0.025984,,11.207592,-0.200839,0
2023-06-03,R,1,2460099.704732,16.413296,11.237468,0.015712,,11.269877,-0.026918,0
2023-06-04,R,1,2460100.937154,17.645777,11.293956,0.028429,,11.325406,-0.002427,0
2023-06-06,R,2,2460102.935034,19.643752,11.317490,0.021019,0.225605,11.347417,0.036414,0
2023-06-10,R,1,2460106.717104,23.426009,11.432079,0.016063,,11.460346,0.078761,0
2023-06-11,R,1,2460107.916775,24.625737,11.500043,0.028441,,11.527785,0.092163,0
2023-06-14,R,2,2460110.810865,27.519971,11.522846,0.014323,0.198278,11.549209,0.127342,0
2023-06-15,R,2,2460111.813282,28.522437,11.529165,0.013825,1.851560,11.553527,0.178400,0
2023-06-16,R,3,2460112.809260,29.518464,11.560348,0.011341,0.809230,11.583850,0.200341,0
2023-06-18,R,1,2460114.710943,31.420241,11.591432,0.015944,,11.613860,0.227734,0
2023-06-21,R,1,2460117.788764,34.498213,11.636510,0.018251,,11.656720,0.284343,0
2023-06-22,R,1,2460118.881148,35.590650,11.679616,0.026236,,11.699274,0.298419,0
2023-06-23,R,3,2460119.754780,36.464327,11.680217,0.010182,1.626531,11.701293,0.262234,0
2023-06-24,R,4,2460120.753828,37.463422,11.727160,0.008923,0.581456,11.744983,0.345240,1
2023-06-25,R,3,2460121.824276,38.533922,11.716763,0.012656,0.590963,11.735802,0.314217,0
2023-06-26,R,1,2460122.816426,39.526119,11.769177,0.020192,,11.786418,0.360089,1
2023-06-27,R,5,2460123.726604,40.436342,11.748496,0.007864,3.336505,11.764088,0.402171,1
2023-06-28,R,1,2460124.819691,41.529481,11.793121,0.021024,,11.808397,0.410226,1
2023-06-29,R,1,2460125.807627,42.517465,11.789577,0.019875,,11.804375,0.422447,1
2023-07-05,R,4,2460131.738852,48.448969,11.834870,0.009017,2.743963,11.846792,0.495814,1
2023-07-06,R,4,2460132.726729,49.436892,11.884515,0.010086,2.477290,11.895997,0.507052,1
