night,camera,filter,n_frames,exptime,mech_epoch,rotation_deg,scale_arcsec,fwhm_px,fwhm_arcsec,focpos,focus_ref,focus_offset,in_focus,role
2023-05-04,AC4040,G,8,255.999985,AC4040:2023-02-06,179.089598,0.538993,,,17386.125000,17074.500000,311.625000,0,template_pre
2023-05-04,AC4040,H,8,255.999985,AC4040:2023-02-06,179.089598,0.539321,4.493494,2.423436,17665.875000,17231.000000,434.875000,1,template_pre
2023-05-04,AC4040,O,8,255.999985,AC4040:2023-02-06,179.089598,0.539311,4.891687,2.638143,17669.750000,17356.000000,313.750000,0,template_pre
2023-05-04,AC4040,R,8,255.999985,AC4040:2023-02-06,179.089598,0.539332,8.056117,4.344921,17328.000000,17173.000000,155.000000,0,template_pre
2023-05-04,AC4040,X,8,255.999985,AC4040:2023-02-06,179.089598,0.539304,7.370405,3.974886,17483.000000,17217.000000,266.000000,0,template_pre
2023-11-27,AC4040,L,2,64.000015,AC4040:2023-02-06,179.089598,0.539105,7.802082,4.206145,17123.000000,17179.000000,-56.000000,0,template_post
2024-03-11,AC4040,L,1,32.000008,AC4040:2023-02-06,179.089598,0.539325,4.915421,2.651008,17094.000000,17179.000000,-85.000000,1,template_post
2024-05-18,iKon,g,15,90.000000,iKon:2024-05-12,177.915966,0.809062,3.580005,2.896445,3434.166264,3735.088925,-300.922661,1,template_post
2024-05-18,iKon,r,15,90.000000,iKon:2024-05-12,177.915966,0.808955,3.655816,2.957390,3434.660923,3803.064973,-368.404050,1,template_post
2026-03-21,QHY600,g,15,30.000000,QHY600:2026-03-21,3.248916,0.451049,5.372851,2.423418,8304.323401,8200.189351,104.134050,1,template_post
2026-03-21,QHY600,ha,15,90.000000,QHY600:2026-03-21,3.248916,,,,8304.323401,8188.187498,116.135903,0,template_post
2026-03-21,QHY600,i,15,30.000000,QHY600:2026-03-21,3.248916,0.450944,4.139325,1.866602,8304.323401,8265.211229,39.112173,1,template_post
2026-03-21,QHY600,r,15,30.000000,QHY600:2026-03-21,3.248916,0.451003,4.800420,2.165003,8304.323401,8154.208088,150.115314,1,template_post
2026-03-22,QHY600,g,20,30.000000,QHY600:2026-03-22,179.922554,0.451021,7.119141,3.210883,8590.734027,8200.189351,390.544676,0,template_post
2026-03-22,QHY600,ha,20,90.000000,QHY600:2026-03-22,179.922554,0.451015,6.457142,2.912270,8590.734027,8188.187498,402.546529,1,template_post
2026-03-22,QHY600,i,20,30.000000,QHY600:2026-03-22,179.922554,0.450938,6.045721,2.726244,8590.734027,8265.211229,325.522799,0,template_post
2026-03-22,QHY600,r,20,30.000000,QHY600:2026-03-22,179.922554,0.451011,6.295015,2.839123,8590.734027,8154.208088,436.525940,0,template_post
2026-04-01,QHY600,g,3,190.000000,QHY600:2026-04-01,179.620405,0.451083,4.867242,2.195532,8060.505070,8200.189351,-139.684281,1,template_post
2026-04-01,QHY600,i,2,175.000000,QHY600:2026-04-01,179.620405,0.451013,4.589778,2.070050,8046.148351,8265.211229,-219.062878,1,template_post
2026-04-01,QHY600,r,2,200.000000,QHY600:2026-04-01,179.620405,0.451077,4.354307,1.964129,8046.148351,8154.208088,-108.059737,1,template_post
