code,shape,scale_d,a90_mag,a_pred_mag,signed_bias_mag,recovery_curve,a50_all_mag,completeness,recovery_curve_covered
G,bump,1.000000,0.232131,0.143084,-0.000588,"[0.0, 0.0, 0.0, 0.0, 0.0, 0.0, 0.0, 0.0, 0.105, 0.125, 0.225, 0.315, 0.445, 0.625, 0.755, 0.83, 0.785, 0.87]",0.113049,0.870000,"[0.0, 0.0, 0.0, 0.0, 0.0, 0.0, 0.0, 0.0, 0.118, 0.148, 0.265, 0.38, 0.494, 0.655, 0.842, 0.901, 0.922, 0.966]"
G,bump,2.000000,,0.051088,,"[0.0, 0.0, 0.0, 0.0, 0.0, 0.0, 0.0, 0.0, 0.0, 0.03, 0.1, 0.09, 0.25, 0.39, 0.46, 0.545, 0.62, 0.71]",0.203452,0.710000,"[0.0, 0.0, 0.0, 0.0, 0.0, 0.0, 0.0, 0.0, 0.0, 0.032, 0.104, 0.094, 0.265, 0.404, 0.487, 0.599, 0.678, 0.747]"
G,bump,4.000000,,0.034049,,"[0.0, 0.0, 0.0, 0.0, 0.0, 0.0, 0.0, 0.0, 0.0, 0.0, 0.0, 0.0, 0.0, 0.0, 0.0, 0.0, 0.0, 0.0]",,0.000000,"[0.0, 0.0, 0.0, 0.0, 0.0, 0.0, 0.0, 0.0, 0.0, 0.0, 0.0, 0.0, 0.0, 0.0, 0.0, 0.0, 0.0, 0.0]"
G,sine,2.500000,0.019225,0.017531,-0.000438,"[0.0, 0.0, 0.0, 0.0, 0.0, 0.56, 1.0, 1.0, 1.0, 1.0, 1.0, 1.0, 1.0, 1.0, 1.0, 1.0, 1.0, 1.0]",0.015105,1.000000,"[0.0, 0.0, 0.0, 0.0, 0.0, 0.56, 1.0, 1.0, 1.0, 1.0, 1.0, 1.0, 1.0, 1.0, 1.0, 1.0, 1.0, 1.0]"
G,sine,5.000000,0.020622,0.017531,0.000425,"[0.0, 0.0, 0.0, 0.0, 0.0, 0.535, 0.895, 1.0, 1.0, 1.0, 1.0, 1.0, 1.0, 1.0, 1.0, 1.0, 1.0, 1.0]",0.015258,1.000000,"[0.0, 0.0, 0.0, 0.0, 0.0, 0.535, 0.895, 1.0, 1.0, 1.0, 1.0, 1.0, 1.0, 1.0, 1.0, 1.0, 1.0, 1.0]"
G,sine,10.000000,0.120365,0.017531,0.011208,"[0.0, 0.0, 0.0, 0.0, 0.0, 0.0, 0.0, 0.31, 0.415, 0.59, 0.685, 0.74, 0.82, 0.97, 1.0, 1.0, 1.0, 1.0]",0.040212,1.000000,"[0.0, 0.0, 0.0, 0.0, 0.0, 0.0, 0.0, 0.31, 0.415, 0.59, 0.685, 0.74, 0.82, 0.97, 1.0, 1.0, 1.0, 1.0]"
G,sine,20.000000,,0.017531,,"[0.0, 0.0, 0.0, 0.0, 0.0, 0.0, 0.0, 0.0, 0.0, 0.0, 0.0, 0.0, 0.0, 0.0, 0.0, 0.0, 0.0, 0.0]",,0.000000,"[0.0, 0.0, 0.0, 0.0, 0.0, 0.0, 0.0, 0.0, 0.0, 0.0, 0.0, 0.0, 0.0, 0.0, 0.0, 0.0, 0.0, 0.0]"
R,bump,1.000000,0.161911,0.487140,-0.000015,"[0.0, 0.0, 0.0, 0.0, 0.0, 0.0, 0.0, 0.0, 0.02, 0.11, 0.275, 0.355, 0.445, 0.625, 0.77, 0.7, 0.78, 0.87]",0.113049,0.870000,"[0.0, 0.0, 0.0, 0.0, 0.0, 0.0, 0.0, 0.0, 0.026, 0.158, 0.374, 0.526, 0.662, 0.801, 0.958, 0.908, 0.992, 1.0]"
R,bump,2.000000,0.311141,0.069381,-0.000066,"[0.0, 0.0, 0.0, 0.0, 0.0, 0.0, 0.0, 0.0, 0.0, 0.09, 0.15, 0.375, 0.565, 0.705, 0.715, 0.785, 0.855, 0.95]",0.094854,0.950000,"[0.0, 0.0, 0.0, 0.0, 0.0, 0.0, 0.0, 0.0, 0.0, 0.098, 0.169, 0.431, 0.646, 0.834, 0.78, 0.842, 0.897, 0.951]"
R,bump,4.000000,,0.039924,,"[0.0, 0.0, 0.0, 0.0, 0.0, 0.0, 0.0, 0.0, 0.0, 0.0, 0.0, 0.0, 0.09, 0.08, 0.295, 0.48, 0.615, 0.75]",0.243409,0.750000,"[0.0, 0.0, 0.0, 0.0, 0.0, 0.0, 0.0, 0.0, 0.0, 0.0, 0.0, 0.0, 0.09, 0.08, 0.295, 0.48, 0.615, 0.75]"
R,sine,2.500000,0.028025,0.018784,0.001482,"[0.0, 0.155, 0.295, 0.385, 0.56, 0.505, 0.665, 0.88, 1.0, 1.0, 1.0, 1.0, 1.0, 1.0, 1.0, 1.0, 1.0, 1.0]",0.010859,1.000000,"[0.0, 0.155, 0.295, 0.385, 0.56, 0.505, 0.665, 0.88, 1.0, 1.0, 1.0, 1.0, 1.0, 1.0, 1.0, 1.0, 1.0, 1.0]"
R,sine,5.000000,0.024385,0.018784,0.000912,"[0.0, 0.0, 0.0, 0.0, 0.255, 0.475, 0.72, 1.0, 1.0, 1.0, 1.0, 1.0, 1.0, 1.0, 1.0, 1.0, 1.0, 1.0]",0.015991,1.000000,"[0.0, 0.0, 0.0, 0.0, 0.255, 0.475, 0.72, 1.0, 1.0, 1.0, 1.0, 1.0, 1.0, 1.0, 1.0, 1.0, 1.0, 1.0]"
R,sine,10.000000,0.023131,0.018784,0.000169,"[0.0, 0.0, 0.0, 0.0, 0.0, 0.155, 0.82, 1.0, 1.0, 1.0, 1.0, 1.0, 1.0, 1.0, 1.0, 1.0, 1.0, 1.0]",0.018000,1.000000,"[0.0, 0.0, 0.0, 0.0, 0.0, 0.155, 0.82, 1.0, 1.0, 1.0, 1.0, 1.0, 1.0, 1.0, 1.0, 1.0, 1.0, 1.0]"
R,sine,20.000000,0.226871,0.018784,0.047536,"[0.0, 0.0, 0.0, 0.0, 0.0, 0.0, 0.0, 0.0, 0.0, 0.0, 0.155, 0.435, 0.6, 0.705, 0.815, 0.91, 0.925, 0.97]",0.088387,0.970000,"[0.0, 0.0, 0.0, 0.0, 0.0, 0.0, 0.0, 0.0, 0.0, 0.0, 0.155, 0.435, 0.6, 0.705, 0.815, 0.91, 0.925, 0.97]"
I,bump,1.000000,0.171282,0.913822,-0.000019,"[0.0, 0.0, 0.0, 0.0, 0.0, 0.0, 0.0, 0.0, 0.0, 0.015, 0.105, 0.205, 0.31, 0.395, 0.59, 0.65, 0.745, 0.725]",0.158031,0.725000,"[0.0, 0.0, 0.0, 0.0, 0.0, 0.0, 0.0, 0.0, 0.0, 0.026, 0.183, 0.38, 0.544, 0.713, 0.932, 0.992, 1.0, 1.0]"
I,bump,2.000000,0.247852,0.105179,-0.000037,"[0.0, 0.0, 0.0, 0.0, 0.0, 0.0, 0.0, 0.0, 0.0, 0.045, 0.05, 0.19, 0.36, 0.495, 0.65, 0.83, 0.995, 1.0]",0.136713,1.000000,"[0.0, 0.0, 0.0, 0.0, 0.0, 0.0, 0.0, 0.0, 0.0, 0.053, 0.06, 0.22, 0.426, 0.56, 0.727, 0.875, 0.994, 1.0]"
I,bump,4.000000,,0.061027,,"[0.0, 0.0, 0.0, 0.0, 0.0, 0.0, 0.0, 0.0, 0.0, 0.0, 0.0, 0.08, 0.14, 0.215, 0.425, 0.66, 0.75, 0.855]",0.195090,0.855000,"[0.0, 0.0, 0.0, 0.0, 0.0, 0.0, 0.0, 0.0, 0.0, 0.0, 0.0, 0.08, 0.14, 0.215, 0.425, 0.66, 0.75, 0.855]"
I,sine,2.500000,0.030057,0.023442,0.001665,"[0.0, 0.0, 0.0, 0.0, 0.0, 0.37, 0.655, 0.83, 1.0, 1.0, 1.0, 1.0, 1.0, 1.0, 1.0, 1.0, 1.0, 1.0]",0.017698,1.000000,"[0.0, 0.0, 0.0, 0.0, 0.0, 0.37, 0.655, 0.83, 1.0, 1.0, 1.0, 1.0, 1.0, 1.0, 1.0, 1.0, 1.0, 1.0]"
I,sine,5.000000,0.029407,0.023442,0.001710,"[0.0, 0.0, 0.0, 0.0, 0.0, 0.07, 0.585, 0.85, 1.0, 1.0, 1.0, 1.0, 1.0, 1.0, 1.0, 1.0, 1.0, 1.0]",0.019525,1.000000,"[0.0, 0.0, 0.0, 0.0, 0.0, 0.07, 0.585, 0.85, 1.0, 1.0, 1.0, 1.0, 1.0, 1.0, 1.0, 1.0, 1.0, 1.0]"
I,sine,10.000000,0.032834,0.023442,-0.000124,"[0.0, 0.0, 0.0, 0.0, 0.0, 0.09, 0.37, 0.605, 1.0, 1.0, 1.0, 1.0, 1.0, 1.0, 1.0, 1.0, 1.0, 1.0]",0.023818,1.000000,"[0.0, 0.0, 0.0, 0.0, 0.0, 0.09, 0.37, 0.605, 1.0, 1.0, 1.0, 1.0, 1.0, 1.0, 1.0, 1.0, 1.0, 1.0]"
I,sine,20.000000,0.107424,0.023442,0.010869,"[0.0, 0.0, 0.0, 0.0, 0.0, 0.0, 0.0, 0.175, 0.47, 0.76, 0.825, 0.84, 0.885, 1.0, 1.0, 1.0, 1.0, 1.0]",0.036057,1.000000,"[0.0, 0.0, 0.0, 0.0, 0.0, 0.0, 0.0, 0.175, 0.47, 0.76, 0.825, 0.84, 0.885, 1.0, 1.0, 1.0, 1.0, 1.0]"
