kind,target,filter,exptime,camera,night,path,bg,cont_p90,peak_max,line_peak,sky_local,contrast,n_cols,error
bridge,η Hya,hrg,60.0,ASI Mode0,2025-12-04,rawimage/2025-12-05/jos_hr_3454_hrg_60s_2025-12-05T12-19-45.fts.fz,306.0,8430.798828125,9500.0,,,,2767,
bridge,η Hya,hrg,60.0,ASI Mode0,2026-01-12,rawimage/2026-01-13/mmc_HR_3454_hrg_60s_2026-01-13T06-31-00.fts.fz,304.0,8385.0,9249.0,,,,2913,
bridge,η Hya,hrg,60.0,ASI Mode0,2026-01-14,rawimage/2026-01-15/mjc_HR_3454_hrg_60s_2026-01-15T07-29-23.fts.fz,304.0,7505.0,8025.0,,,,3001,
bridge,η Hya,hrg,60.0,ASI Mode0,2026-01-16,rawimage/2026-01-17/mlw_HR_3454_hrg_60s_2026-01-17T06-56-20.fts.fz,305.0,9409.0,10469.0,,,,2843,
bridge,η Hya,hrg,60.0,ASI Mode0,2026-01-26,rawimage/2026-01-27/jos_HR_3454_hrg_60s_2026-01-27T05-41-10.fts.fz,305.0,8517.7998046875,9464.0,,,,2764,
bridge,η Hya,hrg,60.0,ASI Mode0,2026-02-14,rawimage/2026-02-15/jos_HR_3454_hrg_60s_2026-02-15T06-31-28.fts.fz,304.0,6883.99951171875,7664.0,,,,2847,
bridge,η Hya,hrg,60.0,ASI Mode0,2026-02-27,rawimage/2026-02-28/jos_HR_3454_hrg_60s_2026-02-28T02-47-21.fts.fz,307.0,7270.0,7858.0,,,,2957,
bridge,η Hya,hrg,60.0,ASI Mode0,2026-03-15,rawimage/2026-03-16/jos_HR_3454_hrg_60s_2026-03-16T03-03-32.fts.fz,304.0,6316.0,6860.0,,,,2966,
bridge,η Hya,hrg,60.0,QHY MaxIm,2026-03-23,rawimage/2026-03-24/jos_HR_3454_hrg_60s_2026-03-24T02-49-51.fts.fz,695.0,28487.599609375,32833.0,,,,3209,
bridge,η Hya,hrg,60.0,QHY MaxIm,2026-03-24,rawimage/2026-03-25/jos_hr_3454_hrg_60s_2026-03-25T03-30-16.fts.fz,174.0,6831.0,7350.0,,,,2469,
bridge,η Hya,hrg,60.0,QHY MaxIm,2026-04-01,rawimage/2026-04-02/jos_HR_3454_hrg_60s_2026-04-02T05-30-35.fts.fz,175.0,6952.0,7557.0,,,,2429,
bridge,η Hya,hrg,60.0,QHY MaxIm,2026-04-17,rawimage/2026-04-18/jos_HR_3454_hrg_60s_2026-04-18T03-34-03.fts.fz,174.0,6353.0,6865.0,,,,2467,
bridge,η Hya,hrg,60.0,QHY MaxIm,2026-04-17,rawimage/2026-04-18/jos_HR_3454_hrg_60s_2026-04-18T04-08-32.fts.fz,174.0,6859.0,7639.0,,,,2347,
bridge,η Hya,hrg,60.0,QHY MaxIm,2026-04-17,rawimage/2026-04-18/jos_HR_3454_hrg_60s_2026-04-18T04-44-08.fts.fz,174.0,6236.39990234375,6922.0,,,,2394,
bridge,η Hya,hrg,60.0,QHY MaxIm,2026-04-17,rawimage/2026-04-18/jos_HR_3454_hrg_60s_2026-04-18T05-23-04.fts.fz,174.0,6351.099609375,7110.0,,,,2330,
bridge,η Hya,hrg,60.0,QHY MaxIm,2026-05-11,rawimage/2026-05-12/cwl_HR_3454_hrg_60s_2026-05-12T04-11-53.fts.fz,173.0,38.0,48.0,,,,3523,
bridge,η Hya,lrg,15.0,ASI Mode0,2026-01-25,rawimage/2026-01-26/mel_HR_3454_lrg_15s_2026-01-26T08-04-15.fts.fz,305.0,27775.80078125,29116.0,,,,1357,
bridge,η Hya,lrg,15.0,ASI Mode0,2026-01-30,rawimage/2026-01-31/jos_HR_3454_lrg_15s_2026-01-31T04-07-15.fts.fz,308.0,21403.0,22168.0,,,,1363,
bridge,η Hya,lrg,15.0,ASI Mode0,2026-02-14,rawimage/2026-02-15/jos_HR_3454_lrg_15s_2026-02-15T06-25-33.fts.fz,305.0,28927.80078125,31135.0,,,,1325,
bridge,η Hya,lrg,15.0,ASI Mode0,2026-02-20,rawimage/2026-02-21/jos_HR_3454_lrg_15s_2026-02-21T03-58-57.fts.fz,305.0,26595.0,27947.0,,,,1361,
bridge,η Hya,lrg,15.0,ASI Mode0,2026-02-20,rawimage/2026-02-21/jos_HR_3454_lrg_15s_2026-02-21T06-56-37.fts.fz,305.0,27137.0,28680.0,,,,1349,
bridge,η Hya,lrg,15.0,ASI Mode0,2026-02-27,rawimage/2026-02-28/jos_HR_3454_lrg_15s_2026-02-28T02-49-06.fts.fz,308.0,24659.0,25523.0,,,,1363,
bridge,η Hya,lrg,15.0,ASI Mode0,2026-03-03,rawimage/2026-03-04/jos_HR_3454_lrg_15s_2026-03-04T02-42-34.fts.fz,307.0,28308.0,29681.0,,,,1365,
bridge,η Hya,lrg,15.0,ASI Mode0,2026-03-15,rawimage/2026-03-16/jos_HR_3454_lrg_15s_2026-03-16T03-05-23.fts.fz,305.0,20775.0,21520.0,,,,1372,
bridge,η Hya,lrg,15.0,QHY MaxIm,2026-03-23,rawimage/2026-03-24/jos_HR_3454_lrg_15s_2026-03-24T02-53-12.fts.fz,696.0,64839.0,64839.0,,,,1430,
bridge,η Hya,lrg,15.0,QHY MaxIm,2026-03-24,rawimage/2026-03-25/jos_hr_3454_lrg_15s_2026-03-25T03-34-21.fts.fz,174.0,22679.0,23586.0,,,,1340,
bridge,η Hya,lrg,15.0,QHY MaxIm,2026-04-01,rawimage/2026-04-02/jos_HR_3454_lrg_15s_2026-04-02T05-33-33.fts.fz,177.0,22943.0,24017.0,,,,1331,
bridge,η Hya,lrg,15.0,QHY MaxIm,2026-04-17,rawimage/2026-04-18/jos_HR_3454_lrg_15s_2026-04-18T03-39-37.fts.fz,174.0,19825.0,20785.0,,,,1351,
bridge,η Hya,lrg,15.0,QHY MaxIm,2026-04-17,rawimage/2026-04-18/jos_HR_3454_lrg_15s_2026-04-18T04-11-08.fts.fz,174.0,21849.400390625,22785.0,,,,1327,
bridge,η Hya,lrg,15.0,QHY MaxIm,2026-04-17,rawimage/2026-04-18/jos_HR_3454_lrg_15s_2026-04-18T04-46-22.fts.fz,174.0,21086.0,21875.0,,,,1299,
bridge,η Hya,lrg,15.0,QHY MaxIm,2026-04-17,rawimage/2026-04-18/jos_HR_3454_lrg_15s_2026-04-18T05-18-15.fts.fz,174.0,19736.0,20720.0,,,,1320,
bridge,η Hya,lrg,15.0,QHY MaxIm,2026-05-06,rawimage/2026-05-07/cwl_HR_3454_lrg_15s_2026-05-07T04-05-47.fts.fz,174.0,18367.0,19383.0,,,,1339,
bridge,θ Vir,hrg,60.0,ASI Mode0,2026-02-20,rawimage/2026-02-21/jos_HR_4963_hrg_60s_2026-02-21T08-59-18.fts.fz,304.0,7374.0,8040.0,,,,2891,
bridge,θ Vir,hrg,60.0,ASI Mode0,2026-02-23,rawimage/2026-02-24/jos_HR_4963_hrg_60s_2026-02-24T07-32-04.fts.fz,305.0,8854.0,10276.0,,,,2684,
bridge,θ Vir,hrg,60.0,ASI Mode0,2026-02-25,rawimage/2026-02-26/mlw_HR_4963_hrg_60s_2026-02-26T12-05-13.fts.fz,304.0,7341.60009765625,8096.0,,,,2903,
bridge,θ Vir,hrg,60.0,ASI Mode0,2026-02-27,rawimage/2026-02-28/jos_HR_4963_hrg_60s_2026-02-28T11-54-11.fts.fz,305.0,4874.0,5364.0,,,,3112,
bridge,θ Vir,hrg,60.0,ASI Mode0,2026-03-01,rawimage/2026-03-02/mlw_HR_4963_hrg_60s_2026-03-02T11-47-19.fts.fz,307.0,3446.0,3733.0,,,,3214,
bridge,θ Vir,hrg,60.0,ASI Mode0,2026-03-07,rawimage/2026-03-08/mjc_HR_4963_hrg_60s_2026-03-08T11-36-52.fts.fz,306.0,7587.0,8320.0,,,,2914,
bridge,θ Vir,hrg,60.0,ASI Mode0,2026-03-12,rawimage/2026-03-13/mel_HR_4963_hrg_60s_2026-03-13T12-09-13.fts.fz,305.0,7767.0,8603.0,,,,2850,
bridge,θ Vir,hrg,60.0,ASI Mode0,2026-03-15,rawimage/2026-03-16/jos_HR_4963_hrg_60s_2026-03-16T06-52-32.fts.fz,304.0,4398.7001953125,4774.0,,,,2984,
bridge,θ Vir,hrg,60.0,QHY MaxIm,2026-03-25,rawimage/2026-03-26/mlw_HR_4963_hrg_60s_2026-03-26T08-25-59.fts.fz,173.0,6690.4990234375,7203.0,,,,2440,
bridge,θ Vir,hrg,60.0,QHY MaxIm,2026-04-26,rawimage/2026-04-27/mel_HR_4963_hrg_60s_2026-04-27T07-49-24.fts.fz,175.0,5032.39990234375,5482.0,,,,3207,
bridge,θ Vir,hrg,60.0,QHY MaxIm,2026-05-18,rawimage/2026-05-19/cwl_HR_4963_hrg_60s_2026-05-19T03-32-45.fts.fz,174.0,6566.099609375,7170.0,,,,2390,
bridge,θ Vir,hrg,60.0,QHY MaxIm,2026-06-02,rawimage/2026-06-03/mel_HR_4963_hrg_60s_2026-06-03T04-10-32.fts.fz,174.0,6730.0,7534.0,,,,2287,
bridge,θ Vir,hrg,60.0,QHY MaxIm,2026-06-06,rawimage/2026-06-07/jos_HR_4963_hrg_60s_2026-06-07T05-49-17.fts.fz,174.0,5664.0,6439.0,,,,2306,
bridge,θ Vir,hrg,60.0,QHY MaxIm,2026-06-06,rawimage/2026-06-07/jos_HR_4963_hrg_60s_2026-06-07T06-32-18.fts.fz,174.0,3233.0,3603.0,,,,2494,
bridge,θ Vir,hrg,60.0,QHY MaxIm,2026-06-12,rawimage/2026-06-13/mel_HR_4963_hrg_60s_2026-06-13T04-27-50.fts.fz,173.0,21.0,25.0,,,,3942,
bridge,θ Vir,hrg,60.0,QHY MaxIm,2026-06-12,rawimage/2026-06-13/mel_HR_4963_hrg_60s_2026-06-13T05-24-27.fts.fz,173.0,20.0,26.0,,,,4009,
bridge,θ Vir,lrg,15.0,ASI Mode0,2026-02-20,rawimage/2026-02-21/jos_HR_4963_lrg_15s_2026-02-21T09-02-33.fts.fz,305.0,22773.0,23823.0,,,,1361,
bridge,θ Vir,lrg,15.0,ASI Mode0,2026-02-23,rawimage/2026-02-24/jos_HR_4963_lrg_15s_2026-02-24T07-33-29.fts.fz,305.0,28293.796875,29956.0,,,,1353,
bridge,θ Vir,lrg,15.0,ASI Mode0,2026-02-25,rawimage/2026-02-26/mlw_HR_4963_lrg_15s_2026-02-26T12-06-38.fts.fz,305.0,27284.599609375,28754.0,,,,1347,
bridge,θ Vir,lrg,15.0,ASI Mode0,2026-02-27,rawimage/2026-02-28/jos_HR_4963_lrg_15s_2026-02-28T07-44-06.fts.fz,306.0,22976.900390625,24072.0,,,,1362,
bridge,θ Vir,lrg,15.0,ASI Mode0,2026-03-01,rawimage/2026-03-02/mlw_HR_4963_lrg_15s_2026-03-02T11-50-34.fts.fz,309.0,18910.0,19769.0,,,,1359,
bridge,θ Vir,lrg,15.0,ASI Mode0,2026-03-07,rawimage/2026-03-08/mjc_HR_4963_lrg_15s_2026-03-08T11-39-28.fts.fz,306.0,24931.599609375,26563.0,,,,1357,
bridge,θ Vir,lrg,15.0,ASI Mode0,2026-03-12,rawimage/2026-03-13/mel_HR_4963_lrg_15s_2026-03-13T12-11-49.fts.fz,305.0,23963.80078125,25023.0,,,,1347,
bridge,θ Vir,lrg,15.0,ASI Mode0,2026-03-15,rawimage/2026-03-16/jos_HR_4963_lrg_15s_2026-03-16T06-54-23.fts.fz,305.0,14948.19921875,15724.0,,,,1359,
bridge,θ Vir,lrg,15.0,QHY MaxIm,2026-03-25,rawimage/2026-03-26/mlw_HR_4963_lrg_15s_2026-03-26T08-29-20.fts.fz,174.0,19417.0,20198.0,,,,1334,
bridge,θ Vir,lrg,15.0,QHY MaxIm,2026-04-26,rawimage/2026-04-27/mel_HR_4963_lrg_15s_2026-04-27T07-51-15.fts.fz,176.0,13790.0,14645.0,,,,1430,
bridge,θ Vir,lrg,15.0,QHY MaxIm,2026-05-18,rawimage/2026-05-19/cwl_HR_4963_lrg_15s_2026-05-19T03-34-59.fts.fz,174.0,27403.30078125,29982.0,,,,1320,
bridge,θ Vir,lrg,15.0,QHY MaxIm,2026-06-02,rawimage/2026-06-03/mel_HR_4963_lrg_15s_2026-06-03T04-12-01.fts.fz,174.0,23778.400390625,25811.0,,,,1325,
bridge,θ Vir,lrg,15.0,QHY MaxIm,2026-06-06,rawimage/2026-06-07/jos_HR_4963_lrg_15s_2026-06-07T05-54-51.fts.fz,174.0,16106.0,17534.0,,,,1328,
bridge,θ Vir,lrg,15.0,QHY MaxIm,2026-06-06,rawimage/2026-06-07/jos_HR_4963_lrg_15s_2026-06-07T06-33-25.fts.fz,174.0,13583.0,14394.0,,,,1330,
bridge,θ Vir,lrg,15.0,QHY MaxIm,2026-06-12,rawimage/2026-06-13/mel_HR_4963_lrg_15s_2026-06-13T04-30-26.fts.fz,173.0,21.0,27.0,,,,3021,
bridge,θ Vir,lrg,15.0,QHY MaxIm,2026-06-12,rawimage/2026-06-13/mel_HR_4963_lrg_15s_2026-06-13T05-26-18.fts.fz,173.0,23.0,30.0,,,,3006,
bridge,θ Crt,hrg,60.0,ASI Mode0,2025-12-04,rawimage/2025-12-05/jos_hr_4468_hrg_60s_2025-12-05T12-29-02.fts.fz,306.0,5755.0,6403.0,,,,2787,
bridge,θ Crt,hrg,60.0,ASI Mode0,2026-01-12,rawimage/2026-01-13/mmc_HR_4468_hrg_60s_2026-01-13T11-47-10.fts.fz,304.0,5976.60009765625,6528.0,,,,2898,
bridge,θ Crt,hrg,60.0,ASI Mode0,2026-01-14,rawimage/2026-01-15/mjc_HR_4468_hrg_60s_2026-01-15T12-37-18.fts.fz,304.0,5119.7001953125,5494.0,,,,2974,
bridge,θ Crt,hrg,60.0,ASI Mode0,2026-01-16,rawimage/2026-01-17/mlw_HR_4468_hrg_60s_2026-01-17T12-01-05.fts.fz,304.0,7621.7998046875,8577.0,,,,3065,
bridge,θ Crt,hrg,60.0,ASI Mode0,2026-01-16,rawimage/2026-01-17/mlw_HR_4468_hrg_60s_2026-01-17T12-04-20.fts.fz,304.0,6686.0,7384.0,,,,2841,
bridge,θ Crt,hrg,60.0,ASI Mode0,2026-02-15,rawimage/2026-02-16/mjc_HR_4468_hrg_60s_2026-02-16T08-56-21.fts.fz,304.0,5801.0,6436.0,,,,2819,
bridge,θ Crt,hrg,60.0,ASI Mode0,2026-02-28,rawimage/2026-03-01/ksa_HR_4468_hrg_60s_2026-03-01T07-21-19.fts.fz,307.0,4254.0,4708.0,,,,2928,
bridge,θ Crt,hrg,60.0,ASI Mode0,2026-03-02,rawimage/2026-03-03/mjc_HR_4468_hrg_60s_2026-03-03T06-52-38.fts.fz,330.0,3475.5,3562.0,,,,4056,
bridge,θ Crt,hrg,60.0,QHY MaxIm,2026-04-08,rawimage/2026-04-09/jos_HR_4468_hrg_60s_2026-04-09T04-24-56.fts.fz,174.0,3103.7998046875,3342.0,,,,2832,
bridge,θ Crt,hrg,60.0,QHY MaxIm,2026-06-02,rawimage/2026-06-03/mel_HR_4468_hrg_60s_2026-06-03T04-02-27.fts.fz,174.0,1855.0,2041.0,,,,2970,
bridge,θ Crt,hrg,60.0,QHY MaxIm,2026-06-06,rawimage/2026-06-07/mlw_HR_4468_hrg_60s_2026-06-07T04-13-10.fts.fz,174.0,4343.599609375,4893.0,,,,2309,
bridge,θ Crt,hrg,60.0,QHY MaxIm,2026-06-06,rawimage/2026-06-07/mlw_HR_4468_hrg_60s_2026-06-07T04-20-59.fts.fz,174.0,1984.0,2190.0,,,,3027,
bridge,θ Crt,hrg,60.0,QHY MaxIm,2026-06-06,rawimage/2026-06-07/mlw_HR_4468_hrg_60s_2026-06-07T04-28-48.fts.fz,174.0,1879.099853515625,2089.0,,,,2380,
bridge,θ Crt,hrg,60.0,QHY MaxIm,2026-06-06,rawimage/2026-06-07/mlw_HR_4468_hrg_60s_2026-06-07T04-36-37.fts.fz,174.0,519.0,583.0,,,,2485,
bridge,θ Crt,hrg,60.0,QHY MaxIm,2026-06-06,rawimage/2026-06-07/mlw_HR_4468_hrg_60s_2026-06-07T04-45-33.fts.fz,174.0,3237.199951171875,3592.0,,,,2309,
bridge,θ Crt,hrg,60.0,QHY MaxIm,2026-06-06,rawimage/2026-06-07/mlw_HR_4468_hrg_60s_2026-06-07T04-53-22.fts.fz,174.0,3753.7998046875,4214.0,,,,2387,
bridge,θ Crt,lrg,15.0,ASI Mode0,2026-01-20,rawimage/2026-01-21/mlw_HR_4468_lrg_15s_2026-01-21T12-23-15.fts.fz,305.0,21983.0,23406.0,,,,1351,
bridge,θ Crt,lrg,15.0,ASI Mode0,2026-01-20,rawimage/2026-01-21/mlw_HR_4468_lrg_15s_2026-01-21T12-23-55.fts.fz,305.0,20770.599609375,22017.0,,,,1353,
bridge,θ Crt,lrg,15.0,ASI Mode0,2026-02-15,rawimage/2026-02-16/mjc_HR_4468_lrg_15s_2026-02-16T08-59-36.fts.fz,305.0,21503.19921875,22867.0,,,,1357,
bridge,θ Crt,lrg,15.0,ASI Mode0,2026-02-15,rawimage/2026-02-16/mjc_HR_4468_lrg_15s_2026-02-16T09-00-16.fts.fz,305.0,21250.0,22571.0,,,,1355,
bridge,θ Crt,lrg,15.0,ASI Mode0,2026-02-28,rawimage/2026-03-01/ksa_HR_4468_lrg_15s_2026-03-01T07-23-29.fts.fz,307.0,16299.5,17043.0,,,,1360,
bridge,θ Crt,lrg,15.0,ASI Mode0,2026-02-28,rawimage/2026-03-01/ksa_HR_4468_lrg_15s_2026-03-01T07-24-09.fts.fz,307.0,17415.19921875,18455.0,,,,1359,
bridge,θ Crt,lrg,15.0,ASI Mode0,2026-03-02,rawimage/2026-03-03/mjc_HR_4468_lrg_15s_2026-03-03T06-53-45.fts.fz,357.0,4871.0,5071.0,,,,2411,
bridge,θ Crt,lrg,15.0,ASI Mode0,2026-03-02,rawimage/2026-03-03/mjc_HR_4468_lrg_15s_2026-03-03T06-54-29.fts.fz,365.0,5671.599609375,5892.0,,,,2407,
bridge,θ Crt,lrg,15.0,QHY MaxIm,2026-04-08,rawimage/2026-04-09/jos_HR_4468_lrg_15s_2026-04-09T04-28-17.fts.fz,174.0,20439.0,22527.0,,,,1296,
bridge,θ Crt,lrg,15.0,QHY MaxIm,2026-06-02,rawimage/2026-06-03/mel_HR_4468_lrg_15s_2026-06-03T04-05-03.fts.fz,174.0,6702.7001953125,7058.0,,,,1332,
bridge,θ Crt,lrg,15.0,QHY MaxIm,2026-06-06,rawimage/2026-06-07/mlw_HR_4468_lrg_15s_2026-06-07T04-56-41.fts.fz,174.0,3105.0,3335.0,,,,1327,
bridge,θ Crt,lrg,15.0,QHY MaxIm,2026-06-06,rawimage/2026-06-07/mlw_HR_4468_lrg_15s_2026-06-07T04-59-15.fts.fz,174.0,1527.0,1657.0,,,,1323,
bridge,θ Crt,lrg,15.0,QHY MaxIm,2026-06-06,rawimage/2026-06-07/mlw_HR_4468_lrg_15s_2026-06-07T05-01-49.fts.fz,174.0,8145.39990234375,8873.0,,,,1324,
bridge,θ Crt,lrg,15.0,QHY MaxIm,2026-06-06,rawimage/2026-06-07/mlw_HR_4468_lrg_15s_2026-06-07T05-04-23.fts.fz,174.0,9935.0,10686.0,,,,1321,
bridge,θ Crt,lrg,15.0,QHY MaxIm,2026-06-06,rawimage/2026-06-07/mlw_HR_4468_lrg_15s_2026-06-07T05-07-19.fts.fz,174.0,10845.0,11455.0,,,,1331,
bridge,θ Crt,lrg,15.0,QHY MaxIm,2026-06-06,rawimage/2026-06-07/mlw_HR_4468_lrg_15s_2026-06-07T05-09-53.fts.fz,174.0,13784.400390625,14856.0,,,,1324,
bridge,θ CrB,hrg,60.0,ASI Mode0,2026-01-09,rawimage/2026-01-10/mjc_tet_CrB_hrg_60s_2026-01-10T12-42-26.fts.fz,305.0,7686.0,8256.0,,,,2980,
bridge,θ CrB,hrg,60.0,ASI Mode0,2026-01-16,rawimage/2026-01-17/mlw_tet_CrB_hrg_60s_2026-01-17T11-40-00.fts.fz,304.0,8986.0,9522.0,,,,2867,
bridge,θ CrB,hrg,60.0,ASI Mode0,2026-01-19,rawimage/2026-01-20/mem_tet_CrB_hrg_60s_2026-01-20T12-42-53.fts.fz,305.0,9102.0,9678.0,,,,3026,
bridge,θ CrB,hrg,60.0,ASI Mode0,2026-01-20,rawimage/2026-01-21/mlw_tet_CrB_hrg_60s_2026-01-21T12-52-40.fts.fz,304.0,10437.3994140625,11707.0,,,,2687,
bridge,θ CrB,hrg,60.0,ASI Mode0,2026-02-02,rawimage/2026-02-03/mel_tet_CrB_hrg_60s_2026-02-03T12-48-31.fts.fz,305.0,9852.0,11037.0,,,,2745,
bridge,θ CrB,hrg,60.0,ASI Mode0,2026-02-08,rawimage/2026-02-09/mem_tet_CrB_hrg_60s_2026-02-09T12-34-39.fts.fz,305.0,9356.7998046875,10216.0,,,,2799,
bridge,θ CrB,hrg,60.0,ASI Mode0,2026-03-04,rawimage/2026-03-05/cwl_tet_CrB_hrg_60s_2026-03-05T11-35-09.fts.fz,305.0,9420.19921875,10049.0,,,,2844,
bridge,θ CrB,hrg,60.0,ASI Mode0,2026-03-14,rawimage/2026-03-15/mel_tet_CrB_hrg_60s_2026-03-15T11-50-43.fts.fz,304.0,9116.0,10013.0,,,,2802,
bridge,θ CrB,hrg,60.0,QHY MaxIm,2026-03-26,rawimage/2026-03-27/mlw_tet_CrB_hrg_60s_2026-03-27T10-44-05.fts.fz,173.0,7777.2001953125,8552.0,,,,2553,
bridge,θ CrB,hrg,60.0,QHY MaxIm,2026-04-17,rawimage/2026-04-18/kpk_tet_CrB_hrg_60s_2026-04-18T09-09-56.fts.fz,174.0,7631.89990234375,8347.0,,,,2442,
bridge,θ CrB,hrg,60.0,QHY MaxIm,2026-04-27,rawimage/2026-04-28/mjc_tet_CrB_hrg_60s_2026-04-28T08-02-15.fts.fz,175.0,6997.599609375,8063.0,,,,3113,
bridge,θ CrB,hrg,60.0,QHY MaxIm,2026-05-08,rawimage/2026-05-09/mel_tet_CrB_hrg_60s_2026-05-09T09-39-21.fts.fz,174.0,7804.6005859375,8841.0,,,,2323,
bridge,θ CrB,hrg,60.0,QHY MaxIm,2026-05-13,rawimage/2026-05-14/mel_tet_CrB_hrg_60s_2026-05-14T06-30-26.fts.fz,174.0,7843.7998046875,8679.0,,,,2359,
bridge,θ CrB,hrg,60.0,QHY MaxIm,2026-05-21,rawimage/2026-05-22/mjc_tet_CrB_hrg_60s_2026-05-22T07-05-22.fts.fz,174.0,7786.798828125,8744.0,,,,2445,
bridge,θ CrB,hrg,60.0,QHY MaxIm,2026-05-30,rawimage/2026-05-31/mlw_tet_CrB_hrg_60s_2026-05-31T05-59-37.fts.fz,175.0,8505.599609375,9320.0,,,,2297,
bridge,θ CrB,hrg,60.0,QHY MaxIm,2026-06-01,rawimage/2026-06-02/jos_tet_CrB_hrg_60s_2026-06-02T04-07-07.fts.fz,174.0,7694.0,8446.0,,,,2437,
bridge,θ CrB,hrg,60.0,QHY pyscope,2026-06-29,rawimage/2026-06-30/mlw_tet_CrB_hrg_60s_2026-06-30T03-55-47.fts.fz,711.0,275.599853515625,64824.0,,,,1303,
bridge,θ CrB,hrg,60.0,QHY pyscope,2026-06-29,rawimage/2026-06-30/mlw_tet_CrB_hrg_60s_2026-06-30T03-56-49.fts.fz,711.0,488.79974365234375,64824.0,,,,953,
bridge,θ CrB,hrg,60.0,QHY pyscope,2026-06-29,rawimage/2026-06-30/mlw_tet_CrB_hrg_60s_2026-06-30T03-57-51.fts.fz,711.0,416.0,64824.0,,,,1016,
bridge,θ CrB,hrg,60.0,QHY pyscope,2026-06-30,rawimage/2026-07-01/mjc_tet_CrB_hrg_60s_2026-07-01T04-24-49.fts.fz,174.0,3531.0,3888.0,,,,2991,
bridge,θ CrB,hrg,60.0,QHY pyscope,2026-06-30,rawimage/2026-07-01/mjc_tet_CrB_hrg_60s_2026-07-01T04-25-51.fts.fz,174.0,3720.0,4065.0,,,,2974,
bridge,θ CrB,hrg,60.0,QHY pyscope,2026-06-30,rawimage/2026-07-01/mjc_tet_CrB_hrg_60s_2026-07-01T04-26-53.fts.fz,174.0,3288.0,3638.0,,,,3069,
bridge,θ CrB,hrg,60.0,QHY pyscope,2026-06-30,rawimage/2026-07-01/mjc_tet_CrB_hrg_60s_2026-07-01T04-27-55.fts.fz,174.0,3050.39990234375,3362.0,,,,3157,
bridge,θ CrB,hrg,60.0,QHY pyscope,2026-06-30,rawimage/2026-07-01/mjc_tet_CrB_hrg_60s_2026-07-01T04-28-57.fts.fz,174.0,3021.19970703125,3315.0,,,,3130,
bridge,κ Dra,hrg,60.0,ASI Mode0,2025-12-01,rawimage/2025-12-02/mmc_kap_dra_hrg_60s_2025-12-02T12-13-42.fts.fz,305.0,6972.19970703125,7465.0,,,,3045,
bridge,κ Dra,hrg,60.0,ASI Mode0,2026-01-09,rawimage/2026-01-10/mjc_kap_Dra_hrg_60s_2026-01-10T12-34-13.fts.fz,305.0,10915.0,11738.0,,,,3280,
bridge,κ Dra,hrg,60.0,ASI Mode0,2026-01-12,rawimage/2026-01-13/jos_kap_dra_hrg_60s_2026-01-13T12-25-27.fts.fz,305.0,11819.19921875,12812.0,,,,2820,
bridge,κ Dra,hrg,60.0,ASI Mode0,2026-01-16,rawimage/2026-01-17/mlw_kap_Dra_hrg_60s_2026-01-17T11-25-00.fts.fz,304.0,10835.0,11824.0,,,,2812,
bridge,κ Dra,hrg,60.0,ASI Mode0,2026-01-20,rawimage/2026-01-21/mlw_kap_Dra_hrg_60s_2026-01-21T11-49-39.fts.fz,305.0,11305.0,12136.0,,,,2770,
bridge,κ Dra,hrg,60.0,ASI Mode0,2026-02-08,rawimage/2026-02-09/mem_kap_Dra_hrg_60s_2026-02-09T11-46-00.fts.fz,305.0,12796.7998046875,14056.0,,,,3127,
bridge,κ Dra,hrg,60.0,ASI Mode0,2026-03-04,rawimage/2026-03-05/cwl_kap_Dra_hrg_60s_2026-03-05T10-19-59.fts.fz,305.0,13988.7998046875,15456.0,,,,2773,
bridge,κ Dra,hrg,60.0,ASI Mode0,2026-03-16,rawimage/2026-03-17/mel_kap_Dra_hrg_60s_2026-03-17T08-27-54.fts.fz,304.0,10638.0,11598.0,,,,2742,
bridge,κ Dra,hrg,60.0,QHY MaxIm,2026-03-25,rawimage/2026-03-26/mlw_kap_Dra_hrg_60s_2026-03-26T08-17-03.fts.fz,174.0,9744.599609375,10504.0,,,,2429,
bridge,κ Dra,hrg,60.0,QHY MaxIm,2026-04-10,rawimage/2026-04-11/mlw_kap_Dra_hrg_60s_2026-04-11T06-41-13.fts.fz,174.0,9007.0,9801.0,,,,2466,
bridge,κ Dra,hrg,60.0,QHY MaxIm,2026-05-11,rawimage/2026-05-12/jos_kap_Dra_hrg_60s_2026-05-12T04-37-22.fts.fz,174.0,4776.0,5238.0,,,,2763,
bridge,κ Dra,hrg,60.0,QHY MaxIm,2026-05-13,rawimage/2026-05-14/cwl_kap_Dra_hrg_60s_2026-05-14T05-11-38.fts.fz,174.0,9202.5,10116.0,,,,2354,
bridge,κ Dra,hrg,60.0,QHY MaxIm,2026-05-21,rawimage/2026-05-22/mjc_kap_Dra_hrg_60s_2026-05-22T05-42-10.fts.fz,174.0,8108.0,8695.0,,,,2526,
bridge,κ Dra,hrg,60.0,QHY MaxIm,2026-05-25,rawimage/2026-05-26/mlw_kap_Dra_hrg_60s_2026-05-26T04-47-25.fts.fz,175.0,8720.0,9514.0,,,,2424,
bridge,κ Dra,hrg,60.0,QHY MaxIm,2026-05-30,rawimage/2026-05-31/mlw_kap_Dra_hrg_60s_2026-05-31T05-22-24.fts.fz,175.0,8696.0,9329.0,,,,2391,
bridge,κ Dra,hrg,60.0,QHY MaxIm,2026-06-01,rawimage/2026-06-02/jos_kap_Dra_hrg_60s_2026-06-02T03-43-03.fts.fz,174.0,9278.998046875,10170.0,,,,2315,
bridge,κ Dra,hrg,60.0,QHY pyscope,2026-06-30,rawimage/2026-07-01/mjc_kap_Dra_hrg_60s_2026-07-01T04-16-48.fts.fz,175.0,9673.9990234375,10784.0,,,,2287,
bridge,κ Dra,hrg,60.0,QHY pyscope,2026-06-30,rawimage/2026-07-01/mjc_kap_Dra_hrg_60s_2026-07-01T04-17-50.fts.fz,175.0,9613.0966796875,10652.0,,,,2310,
bridge,κ Dra,hrg,60.0,QHY pyscope,2026-06-30,rawimage/2026-07-01/mjc_kap_Dra_hrg_60s_2026-07-01T04-19-54.fts.fz,175.0,9399.3994140625,10552.0,,,,2342,
bridge,κ Dra,hrg,60.0,QHY pyscope,2026-06-30,rawimage/2026-07-01/mjc_kap_Dra_hrg_60s_2026-07-01T04-20-56.fts.fz,175.0,9799.0,10883.0,,,,2280,
bridge,κ Dra,hrg,60.0,QHY pyscope,2026-06-30,rawimage/2026-07-01/mjc_kap_Dra_hrg_60s_2026-07-01T04-16-48_1.fts.fz,175.0,7015.2998046875,7585.0,,,,2558,
bridge,κ Dra,hrg,60.0,QHY pyscope,2026-06-30,rawimage/2026-07-01/mjc_kap_Dra_hrg_60s_2026-07-01T04-17-50_1.fts.fz,175.0,7100.0,7702.0,,,,2561,
bridge,κ Dra,hrg,60.0,QHY pyscope,2026-06-30,rawimage/2026-07-01/mjc_kap_Dra_hrg_60s_2026-07-01T04-19-54_1.fts.fz,175.0,7301.0,7909.0,,,,2549,
bridge,κ Dra,hrg,60.0,QHY pyscope,2026-06-30,rawimage/2026-07-01/mjc_kap_Dra_hrg_60s_2026-07-01T04-20-56_1.fts.fz,175.0,7411.89990234375,7992.0,,,,2522,
tcrb,T CrB,lrg,240.0,ASI Mode0,2025-02-20,rawimage/2025-02-21/ext_T_CrB_lrg_240s_2025-02-21T12-52-45.fts.fz,316.0,1057.0,1477.5,1471.5,261.0,1057.0,850,
tcrb,T CrB,lrg,240.0,ASI Mode0,2025-02-26,rawimage/2025-02-27/ext_T_CrB_lrg_240s_2025-02-27T08-55-06.fts.fz,308.0,303.6,660.0,660.0,66.0,101.2,568,
tcrb,T CrB,lrg,240.0,ASI Mode0,2025-02-27,rawimage/2025-02-28/ext_T_CrB_lrg_240s_2025-02-28T12-26-23.fts.fz,309.0,707.0999999999999,839.0,455.0,85.0,101.0142857142857,747,
tcrb,T CrB,lrg,240.0,ASI Mode0,2025-03-02,rawimage/2025-03-03/ext_T_CrB_lrg_240s_2025-03-03T12-04-08.fts.fz,308.0,136.0,163.0,-21.5,59.75,0.31321971441731966,782,
tcrb,T CrB,lrg,240.0,ASI Mode0,2025-03-02,rawimage/2025-03-03/ext_T_CrB_lrg_240s_2025-03-03T12-08-14.fts.fz,307.0,123.0,148.5,-7.5,62.0,0.37272727272727274,791,
tcrb,T CrB,hrg,240.0,ASI Mode0,2025-03-02,rawimage/2025-03-03/ext_T_CrB_hrg_240s_2025-03-03T12-16-33.fts.fz,305.0,135.20000000000005,401.0,401.0,32.0,24.58181818181819,3167,
tcrb,T CrB,hrg,240.0,ASI Mode0,2025-03-02,rawimage/2025-03-03/ext_T_CrB_hrg_240s_2025-03-03T12-20-38.fts.fz,305.0,144.04999999999995,438.5,438.5,33.0,24.008333333333326,3150,
tcrb,T CrB,lrg,240.0,ASI Mode0,2025-03-19,rawimage/2025-03-20/ext_T_CrB_lrg_240s_2025-03-20T10-28-19.fts.fz,313.0,2252.5,2594.5,2339.0,229.5,750.8333333333334,903,
tcrb,T CrB,lrg,240.0,ASI Mode0,2025-03-19,rawimage/2025-03-20/ext_T_CrB_lrg_240s_2025-03-20T10-32-24.fts.fz,313.0,2325.3,3267.0,3267.0,233.5,775.1,800,
tcrb,T CrB,hrg,240.0,ASI Mode0,2025-03-19,rawimage/2025-03-20/ext_T_CrB_hrg_240s_2025-03-20T10-36-38.fts.fz,306.0,502.0,2261.0,2261.0,82.5,71.71428571428571,2210,
tcrb,T CrB,lrg,240.0,ASI Mode0,2025-03-21,rawimage/2025-03-22/ext_T_CrB_lrg_240s_2025-03-22T09-38-01.fts.fz,310.0,2091.8,2829.5,2829.5,122.0,836.72,919,
tcrb,T CrB,lrg,240.0,ASI Mode0,2025-03-21,rawimage/2025-03-22/ext_T_CrB_lrg_240s_2025-03-22T09-42-06.fts.fz,310.0,2099.0,3000.0,1727.0,134.25,1049.5,876,
tcrb,T CrB,hrg,240.0,ASI Mode0,2025-03-22,rawimage/2025-03-23/ext_T_CrB_hrg_240s_2025-03-23T08-47-53.fts.fz,305.0,566.0,2315.0,2315.0,31.5,113.2,2304,
tcrb,T CrB,lrg,240.0,ASI Mode0,2025-03-24,rawimage/2025-03-25/ext_T_CrB_lrg_240s_2025-03-25T10-03-01.fts.fz,308.0,865.5,1778.0,1778.0,83.0,15.73636363636357,659,
tcrb,T CrB,hrg,240.0,ASI Mode0,2025-03-26,rawimage/2025-03-27/ext_T_CrB_hrg_240s_2025-03-27T08-02-55.fts.fz,305.0,398.0,1431.0,1431.0,23.0,99.5,3457,
tcrb,T CrB,lrg,240.0,ASI Mode0,2025-03-27,rawimage/2025-03-28/ext_T_CrB_lrg_240s_2025-03-28T11-50-01.fts.fz,308.0,2049.0,3970.0,3970.0,136.5,163.92,1321,
tcrb,T CrB,lrg,240.0,ASI Mode0,2025-04-08,rawimage/2025-04-09/ext_T_CrB_lrg_240s_2025-04-09T07-59-09.fts.fz,320.0,1295.85,2739.0,2739.0,293.25,1295.85,1072,
tcrb,T CrB,hrg,240.0,ASI Mode0,2025-04-09,rawimage/2025-04-10/ext_T_CrB_hrg_240s_2025-04-10T08-19-10.fts.fz,307.0,446.0,1741.0,1741.0,138.0,178.4,3441,
tcrb,T CrB,lrg,240.0,ASI Mode0,2025-04-10,rawimage/2025-04-11/ext_T_CrB_lrg_240s_2025-04-11T08-36-03.fts.fz,330.0,1377.7000000000003,2774.0,2774.0,573.0,1377.7000000000003,1330,
tcrb,T CrB,lrg,240.0,ASI Mode0,2025-04-11,rawimage/2025-04-12/ext_T_CrB_lrg_240s_2025-04-12T08-10-40.fts.fz,338.0,432.5,746.0,746.0,556.0,432.5,1193,
tcrb,T CrB,lrg,240.0,ASI Mode0,2025-04-11,rawimage/2025-04-12/ext_T_CrB_lrg_240s_2025-04-12T08-14-46.fts.fz,338.0,470.5,769.5,769.5,563.0,470.5,1231,
tcrb,T CrB,lrg,240.0,ASI Mode0,2025-04-11,rawimage/2025-04-12/ext_T_CrB_lrg_240s_2025-04-12T08-18-51.fts.fz,337.0,397.40000000000003,693.5,693.5,520.0,397.40000000000003,1133,
tcrb,T CrB,hrg,240.0,ASI Mode0,2025-04-11,rawimage/2025-04-12/ext_T_CrB_hrg_240s_2025-04-12T08-23-05.fts.fz,308.0,271.5,943.5,943.5,197.0,271.5,2993,
tcrb,T CrB,hrg,240.0,ASI Mode0,2025-04-11,rawimage/2025-04-12/ext_T_CrB_hrg_240s_2025-04-12T08-27-10.fts.fz,308.0,278.0,948.5,948.5,196.5,278.0,2986,
tcrb,T CrB,lrg,240.0,ASI Mode0,2025-04-19,rawimage/2025-04-20/ext_T_CrB_lrg_240s_2025-04-20T08-52-31.fts.fz,509.0,2111.85,2461.5,951.5,109.25,263.98125,982,
tcrb,T CrB,lrg,240.0,ASI Mode0,2025-04-19,rawimage/2025-04-20/ext_T_CrB_lrg_240s_2025-04-20T08-56-37.fts.fz,509.0,2277.4,2633.5,971.0,113.0,284.675,977,
tcrb,T CrB,lrg,240.0,ASI Mode0,2025-04-19,rawimage/2025-04-20/ext_T_CrB_lrg_240s_2025-04-20T09-00-42.fts.fz,509.0,853.5,1020.0,452.0,86.25,41.13253012048193,546,
tcrb,T CrB,hrg,240.0,ASI Mode0,2025-04-19,rawimage/2025-04-20/ext_T_CrB_hrg_240s_2025-04-20T09-04-56.fts.fz,505.0,597.0,2097.0,2097.0,46.0,99.5,2192,
tcrb,T CrB,hrg,240.0,ASI Mode0,2025-04-20,rawimage/2025-04-21/ext_T_CrB_hrg_240s_2025-04-21T09-04-56.fts.fz,505.0,638.0,2205.0,2205.0,31.0,159.5,2449,
tcrb,T CrB,hrg,240.0,ASI Mode0,2025-04-24,rawimage/2025-04-25/ext_T_CrB_hrg_240s_2025-04-25T09-42-08.fts.fz,505.0,536.0,1792.0,1792.0,30.0,107.2,2292,
tcrb,T CrB,lrg,240.0,ASI Mode0,2025-04-25,rawimage/2025-04-26/ext_T_CrB_lrg_240s_2025-04-26T07-01-09.fts.fz,508.0,850.3000000000001,1041.0,603.0,81.5,32.70384615384616,830,
tcrb,T CrB,hrg,240.0,ASI Mode0,2025-04-30,rawimage/2025-05-01/ext_T_CrB_hrg_240s_2025-05-01T08-28-58.fts.fz,505.0,202.0,774.0,774.0,46.0,33.666666666666664,2236,
tcrb,T CrB,lrg,240.0,ASI Mode0,2025-05-01,rawimage/2025-05-02/ext_T_CrB_lrg_240s_2025-05-02T04-29-00.fts.fz,510.0,20.5,1009.5,1009.5,104.0,3.1538461538461537,2869,
tcrb,T CrB,hrg,240.0,ASI Mode0,2025-05-02,rawimage/2025-05-03/ext_T_CrB_hrg_240s_2025-05-03T11-01-55.fts.fz,305.0,392.0,1387.0,1387.0,41.0,65.33333333333333,2302,
tcrb,T CrB,lrg,240.0,ASI Mode0,2025-05-03,rawimage/2025-05-04/ext_T_CrB_lrg_240s_2025-05-04T06-45-18.fts.fz,310.0,905.0,1660.0,1660.0,121.0,90.5,830,
tcrb,T CrB,hrg,240.0,ASI Mode0,2025-05-06,rawimage/2025-05-07/ext_T_CrB_hrg_240s_2025-05-07T06-58-33.fts.fz,306.0,465.0,2003.0,2003.0,83.0,62.0,2276,
tcrb,T CrB,lrg,240.0,ASI Mode0,2025-05-08,rawimage/2025-05-09/ext_T_CrB_lrg_240s_2025-05-09T06-49-35.fts.fz,320.0,2249.1000000000004,3049.0,3049.0,413.25,749.7000000000002,894,
tcrb,T CrB,hrg,240.0,ASI Mode0,2025-05-09,rawimage/2025-05-10/ext_T_CrB_hrg_240s_2025-05-10T08-21-49.fts.fz,307.0,408.0,1809.5,1809.5,183.5,45.333333333333336,2296,
tcrb,T CrB,lrg,240.0,ASI Mode0,2025-05-10,rawimage/2025-05-11/ext_T_CrB_lrg_240s_2025-05-11T06-51-18.fts.fz,334.0,2030.2500000000007,4571.5,4571.5,1272.75,2030.2500000000007,1312,
tcrb,T CrB,hrg,240.0,ASI Mode0,2025-05-22,rawimage/2025-05-23/ext_T_CrB_hrg_240s_2025-05-23T10-36-42.fts.fz,305.0,321.5,998.0,998.0,32.0,91.85714285714286,3060,
tcrb,T CrB,hrg,240.0,ASI Mode0,2025-05-25,rawimage/2025-05-26/ext_T_CrB_hrg_240s_2025-05-26T07-12-58.fts.fz,306.0,446.0,1513.0,1513.0,26.0,89.2,2262,
tcrb,T CrB,lrg,240.0,ASI Mode0,2025-05-26,rawimage/2025-05-27/ext_T_CrB_lrg_240s_2025-05-27T06-57-48.fts.fz,308.0,426.00000000000017,660.5,5.0,62.0,4.7333333333333325,705,
tcrb,T CrB,hrg,240.0,ASI Mode0,2025-05-27,rawimage/2025-05-28/ext_T_CrB_hrg_240s_2025-05-28T07-14-27.fts.fz,306.0,377.0,1238.0,1238.0,28.0,75.4,2283,
tcrb,T CrB,lrg,240.0,ASI Mode0,2025-05-28,rawimage/2025-05-29/ext_T_CrB_lrg_240s_2025-05-29T06-10-52.fts.fz,309.0,484.9999999999999,618.5,8.0,68.0,2.2942289498580895,647,
tcrb,T CrB,hrg,240.0,ASI Mode0,2025-06-03,rawimage/2025-06-04/ext_T_CrB_hrg_240s_2025-06-04T04-14-54.fts.fz,307.0,386.5,1318.0,1318.0,88.0,48.3125,2282,
tcrb,T CrB,lrg,240.0,ASI Mode0,2025-06-04,rawimage/2025-06-05/ext_T_CrB_lrg_240s_2025-06-05T03-26-27.fts.fz,323.0,1489.4,1778.5,1778.5,472.5,1489.4,913,
tcrb,T CrB,hrg,240.0,ASI Mode0,2025-06-05,rawimage/2025-06-06/ext_T_CrB_hrg_240s_2025-06-06T03-39-28.fts.fz,307.0,328.0,1114.0,1114.0,84.5,109.33333333333333,3386,
tcrb,T CrB,lrg,240.0,ASI Mode0,2025-06-06,rawimage/2025-06-07/ext_T_CrB_lrg_240s_2025-06-07T03-27-37.fts.fz,325.0,1749.5,2405.5,2405.5,534.75,1749.5,934,
tcrb,T CrB,lrg,240.0,ASI Mode0,2025-06-06,rawimage/2025-06-07/ext_T_CrB_lrg_240s_2025-06-07T03-32-54.fts.fz,322.0,1724.5,1988.0,1173.0,403.0,689.8,981,
tcrb,T CrB,lrg,240.0,ASI Mode0,2025-06-07,rawimage/2025-06-08/ext_T_CrB_lrg_240s_2025-06-08T03-59-00.fts.fz,325.0,1635.6,2184.0,1721.5,521.0,1635.6,925,
tcrb,T CrB,lrg,240.0,ASI Mode0,2025-06-07,rawimage/2025-06-08/ext_T_CrB_lrg_240s_2025-06-08T04-04-15.fts.fz,324.0,1670.2,1898.0,1472.5,485.75,1670.2,854,
tcrb,T CrB,lrg,240.0,ASI Mode0,2025-06-07,rawimage/2025-06-08/ext_T_CrB_lrg_240s_2025-06-08T04-09-31.fts.fz,324.0,1736.8,2427.0,2427.0,511.5,1736.8,947,
tcrb,T CrB,hrg,240.0,ASI Mode0,2025-06-07,rawimage/2025-06-08/ext_T_CrB_hrg_240s_2025-06-08T04-14-54.fts.fz,308.0,355.5,1179.0,1179.0,181.0,39.5,2313,
tcrb,T CrB,hrg,240.0,ASI Mode0,2025-06-07,rawimage/2025-06-08/ext_T_CrB_hrg_240s_2025-06-08T04-20-10.fts.fz,308.0,370.0,1172.0,1172.0,180.0,41.111111111111114,2293,
