regime,v_bright,v_faint,order,target,filter,exposure_s,nexp
1_peak,2.0,4.0,1,T CrB,lrg,0.22,1
1_peak,2.0,4.0,2,T CrB,lrg,0.89,1
1_peak,2.0,4.0,3,T CrB,lrg,3.6,1
1_peak,2.0,4.0,4,T CrB,lrg,14,1
1_peak,2.0,4.0,5,T CrB,lrg,23,1
1_peak,2.0,4.0,6,T CrB,hrg,0.43,1
1_peak,2.0,4.0,7,T CrB,hrg,1.7,1
1_peak,2.0,4.0,8,T CrB,hrg,7,1
1_peak,2.0,4.0,9,T CrB,hrg,28,1
1_peak,2.0,4.0,10,T CrB,hrg,44,1
2_early_decline,4.0,7.0,1,T CrB,lrg,1.4,1
2_early_decline,4.0,7.0,2,T CrB,lrg,5.6,1
2_early_decline,4.0,7.0,3,T CrB,lrg,23,1
2_early_decline,4.0,7.0,4,T CrB,lrg,90,1
2_early_decline,4.0,7.0,5,T CrB,lrg,240,1
2_early_decline,4.0,7.0,6,T CrB,hrg,2.7,1
2_early_decline,4.0,7.0,7,T CrB,hrg,11,1
2_early_decline,4.0,7.0,8,T CrB,hrg,44,1
2_early_decline,4.0,7.0,9,T CrB,hrg,180,1
2_early_decline,4.0,7.0,10,T CrB,hrg,240,1
3_late_decline,7.0,10.0,1,T CrB,lrg,22,1
3_late_decline,7.0,10.0,2,T CrB,lrg,89,1
3_late_decline,7.0,10.0,3,T CrB,lrg,240,1
3_late_decline,7.0,10.0,4,T CrB,hrg,43,1
3_late_decline,7.0,10.0,5,T CrB,hrg,170,1
3_late_decline,7.0,10.0,6,T CrB,hrg,240,1
3_late_decline,7.0,10.0,7,T CrB,g,0.36,1
3_late_decline,7.0,10.0,8,T CrB,g,1.5,1
3_late_decline,7.0,10.0,9,T CrB,g,5.8,1
3_late_decline,7.0,10.0,10,T CrB,g,23,1
3_late_decline,7.0,10.0,11,T CrB,g,93,1
3_late_decline,7.0,10.0,12,T CrB,r,0.25,1
3_late_decline,7.0,10.0,13,T CrB,r,1,1
3_late_decline,7.0,10.0,14,T CrB,r,4,1
3_late_decline,7.0,10.0,15,T CrB,r,16,1
3_late_decline,7.0,10.0,16,T CrB,r,63,1
3_late_decline,7.0,10.0,17,T CrB,i,0.23,1
3_late_decline,7.0,10.0,18,T CrB,i,0.9,1
3_late_decline,7.0,10.0,19,T CrB,i,3.6,1
3_late_decline,7.0,10.0,20,T CrB,i,14,1
3_late_decline,7.0,10.0,21,T CrB,i,57,1
