star,channel,period_d,0.25,0.5,0.75,1.0,1.5,2.0,3.0,4.0,6.0,8.0,12.0,16.0,24.0,32.0,48.0,64.0
HD 22298,hrg,0.8333333333333334,0.0,0.0,0.0,0.0,0.0,0.0,0.1,0.3,0.75,0.85,0.95,0.95,1.0,,,
HD 22298,hrg,0.9180046448138462,0.0,0.0,0.0,0.0,0.0,0.1,0.25,0.5,0.85,0.9,0.9,0.95,1.0,,,
HD 22298,hrg,1.0112790334797552,0.0,0.0,0.0,0.0,0.0,0.05,0.2,0.6,0.9,0.95,1.0,,,,,
HD 22298,hrg,1.114030619924727,0.0,0.0,0.0,0.0,0.0,0.05,0.15,0.45,0.75,0.85,0.85,0.9,0.9,0.95,0.95,0.95
HD 22298,hrg,1.2272223402668976,0.0,0.0,0.0,0.0,0.0,0.0,0.05,0.1,0.5,0.65,0.95,0.95,1.0,,,
HD 22298,hrg,1.3519149703011966,0.0,0.0,0.0,0.0,0.0,0.0,0.0,0.2,0.75,0.85,0.9,0.95,0.95,1.0,,
HD 22298,hrg,1.4892770665558457,0.0,0.0,0.0,0.0,0.0,0.0,0.3,0.5,0.75,0.9,0.95,1.0,,,,
HD 22298,hrg,1.6405959174156073,0.0,0.0,0.0,0.0,0.0,0.05,0.05,0.25,0.7,0.85,0.9,1.0,,,,
HD 22298,hrg,1.8072896069401927,0.0,0.0,0.0,0.0,0.0,0.0,0.1,0.25,0.65,0.85,1.0,,,,,
HD 22298,hrg,1.990920304433865,0.0,0.0,0.0,0.0,0.0,0.0,0.1,0.25,0.6,0.7,0.8,0.85,0.85,1.0,,
HD 22298,hrg,2.193208904309382,0.0,0.0,0.0,0.0,0.0,0.05,0.2,0.4,0.85,0.9,0.95,1.0,,,,
HD 22298,hrg,2.4160511534437186,0.0,0.0,0.0,0.0,0.0,0.05,0.1,0.25,0.5,0.95,0.95,1.0,,,,
HD 22298,hrg,2.6615354171630212,0.0,0.0,0.0,0.0,0.0,0.0,0.1,0.15,0.7,0.85,0.95,1.0,,,,
HD 22298,hrg,2.931962250350654,0.0,0.0,0.0,0.0,0.0,0.0,0.05,0.3,0.65,0.85,0.95,0.95,1.0,,,
HD 22298,hrg,3.2298659570889092,0.0,0.0,0.0,0.0,0.0,0.0,0.05,0.35,0.65,0.75,0.9,1.0,,,,
HD 22298,hrg,3.5580383408804845,0.0,0.0,0.0,0.0,0.05,0.15,0.25,0.45,0.9,0.9,1.0,,,,,
HD 22298,hrg,3.9195548680248438,0.0,0.0,0.0,0.0,0.0,0.0,0.25,0.35,0.5,0.7,0.95,1.0,,,,
HD 22298,hrg,4.317803489339434,0.0,0.0,0.0,0.0,0.0,0.0,0.1,0.3,0.6,0.7,0.9,1.0,,,,
HD 22298,hrg,4.756516390328439,0.0,0.0,0.0,0.0,0.0,0.0,0.0,0.2,0.6,0.95,0.95,0.95,1.0,,,
HD 22298,hrg,5.239804967345637,0.0,0.0,0.0,0.0,0.05,0.05,0.1,0.35,0.6,0.8,0.85,0.9,0.95,0.95,1.0,
HD 22298,hrg,5.7721983575303515,0.0,0.0,0.0,0.0,0.05,0.1,0.15,0.25,0.45,0.55,0.75,0.8,0.85,1.0,,
HD 22298,hrg,6.358685883599659,0.0,0.0,0.0,0.0,0.0,0.0,0.15,0.25,0.65,0.75,0.9,0.95,1.0,,,
HD 22298,hrg,7.004763811268068,0.0,0.0,0.0,0.0,0.0,0.05,0.1,0.15,0.45,0.7,0.9,0.9,1.0,,,
HD 22298,hrg,7.716486857481633,0.0,0.0,0.0,0.0,0.0,0.0,0.1,0.2,0.65,0.8,0.9,0.9,1.0,,,
HD 22298,hrg,8.500524932175765,0.0,0.0,0.0,0.0,0.0,0.0,0.0,0.1,0.4,0.75,0.9,1.0,,,,
HD 22298,hrg,9.364225645311912,0.0,0.0,0.0,0.0,0.0,0.0,0.0,0.1,0.35,0.55,0.65,0.95,1.0,,,
HD 22298,hrg,10.315683164977521,0.0,0.0,0.0,0.0,0.0,0.0,0.05,0.1,0.25,0.4,0.9,0.9,0.95,1.0,,
HD 22298,hrg,11.363814071852834,0.0,0.0,0.0,0.0,0.0,0.0,0.0,0.0,0.55,0.7,0.85,0.95,0.95,1.0,,
HD 22298,hrg,12.518440920914223,0.0,0.0,0.0,0.0,0.0,0.0,0.0,0.05,0.35,0.5,0.75,0.8,1.0,,,
HD 22298,hrg,13.790384293472373,0.0,0.0,0.0,0.0,0.0,0.05,0.05,0.05,0.25,0.4,0.8,1.0,,,,
HD 22298,hrg,15.191564202210657,0.0,0.0,0.05,0.05,0.05,0.05,0.05,0.25,0.5,0.55,0.75,0.75,0.95,1.0,,
HD 22298,hrg,16.73511179954057,0.0,0.0,0.0,0.0,0.0,0.0,0.0,0.0,0.2,0.4,0.75,0.9,0.95,1.0,,
HD 22298,hrg,18.435492436148692,0.0,0.0,0.0,0.0,0.0,0.0,0.05,0.05,0.35,0.5,0.65,0.95,1.0,,,
HD 22298,hrg,20.308641222978032,0.0,0.0,0.0,0.0,0.0,0.0,0.0,0.15,0.35,0.45,0.55,0.65,0.65,0.75,0.95,0.95
HD 22298,hrg,22.37211236706215,0.0,0.0,0.0,0.0,0.0,0.1,0.1,0.15,0.3,0.5,0.8,0.9,0.95,1.0,,
HD 22298,hrg,24.64524368071241,0.0,0.0,0.0,0.0,0.0,0.0,0.05,0.05,0.25,0.5,0.75,0.95,0.95,1.0,,
HD 22298,hrg,27.149337805755696,0.0,0.0,0.0,0.0,0.0,0.0,0.05,0.1,0.25,0.35,0.55,0.8,0.95,1.0,,
HD 22298,hrg,29.907861851164675,0.0,0.0,0.0,0.0,0.0,0.0,0.0,0.0,0.0,0.0,0.0,0.0,0.0,0.0,0.0,0.0
HD 22298,hrg,32.946667314984005,0.0,0.0,0.0,0.0,0.0,0.0,0.0,0.05,0.35,0.5,0.8,0.9,1.0,,,
HD 22298,hrg,36.294232351550214,0.0,0.0,0.0,0.0,0.0,0.0,0.0,0.05,0.25,0.6,0.65,0.95,1.0,,,
HD 34959,hrg,0.8333333333333334,0.0,0.0,0.0,0.0,0.0,0.0,0.1,0.45,0.75,0.85,1.0,,,,,
HD 34959,hrg,0.9212204167684963,0.0,0.0,0.0,0.0,0.05,0.05,0.3,0.55,0.85,0.95,0.95,0.95,0.95,0.95,1.0,
HD 34959,hrg,1.0183764675253464,0.0,0.0,0.0,0.0,0.0,0.05,0.4,0.65,0.9,1.0,,,,,,
HD 34959,hrg,1.1257790326091142,0.0,0.0,0.05,0.05,0.05,0.05,0.45,0.65,0.9,0.95,1.0,,,,,
HD 34959,hrg,1.2445087555312833,0.0,0.0,0.0,0.0,0.0,0.0,0.2,0.45,0.85,0.9,1.0,,,,,
HD 34959,hrg,1.3757602493310856,0.0,0.0,0.0,0.0,0.05,0.05,0.1,0.65,0.9,0.95,1.0,,,,,
HD 34959,hrg,1.5208541163147755,0.0,0.0,0.0,0.0,0.05,0.2,0.4,0.75,0.9,0.95,1.0,,,,,
HD 34959,hrg,1.6812502354506969,0.0,0.0,0.0,0.0,0.0,0.05,0.25,0.45,0.75,0.8,0.85,0.95,1.0,,,
HD 34959,hrg,1.8585624511128278,0.0,0.0,0.0,0.0,0.0,0.05,0.5,0.8,0.9,0.9,0.95,0.95,1.0,,,
HD 34959,hrg,2.0545748109653243,0.0,0.0,0.0,0.0,0.05,0.05,0.35,0.75,0.85,0.9,0.9,0.95,0.9,0.9,0.9,0.9
HD 34959,hrg,2.2712595163674374,0.0,0.0,0.0,0.0,0.0,0.0,0.2,0.55,0.7,0.85,0.95,1.0,,,,
HD 34959,hrg,2.5107967659089083,0.0,0.0,0.0,0.0,0.05,0.05,0.4,0.65,0.85,0.9,0.95,1.0,,,,
HD 34959,hrg,2.7755966917339165,0.0,0.0,0.0,0.0,0.0,0.15,0.35,0.75,0.85,0.85,1.0,,,,,
HD 34959,hrg,3.0683236093684534,0.0,0.0,0.0,0.0,0.0,0.0,0.45,0.6,0.8,0.85,0.95,1.0,,,,
HD 34959,hrg,3.3919228250436286,0.0,0.0,0.0,0.0,0.0,0.05,0.2,0.5,0.7,0.75,0.85,0.95,1.0,,,
HD 34959,hrg,3.7496502702399197,0.0,0.0,0.0,0.0,0.0,0.0,0.2,0.5,0.85,0.95,1.0,,,,,
HD 34959,hrg,4.1451052616238275,0.0,0.0,0.0,0.0,0.0,0.05,0.15,0.45,0.85,0.95,1.0,,,,,
HD 34959,hrg,4.582266715994867,0.0,0.0,0.0,0.0,0.05,0.1,0.45,0.55,0.75,0.85,0.95,0.95,1.0,,,
HD 34959,hrg,5.06553318462384,0.0,0.0,0.0,0.0,0.0,0.05,0.2,0.45,0.6,0.85,0.95,1.0,,,,
HD 34959,hrg,5.599767109792587,0.0,0.0,0.0,0.0,0.0,0.0,0.05,0.25,0.65,0.85,1.0,,,,,
HD 34959,hrg,6.190343748827574,0.0,0.0,0.0,0.0,0.0,0.05,0.15,0.5,0.65,0.65,0.85,0.95,1.0,,,
HD 34959,hrg,6.84320525788223,0.0,0.0,0.0,0.0,0.0,0.0,0.25,0.5,0.75,0.9,0.9,1.0,,,,
HD 34959,hrg,7.56492047963836,0.0,0.0,0.0,0.0,0.0,0.05,0.15,0.4,0.7,0.7,0.85,0.9,1.0,,,
HD 34959,hrg,8.362751036487579,0.0,0.0,0.0,0.0,0.0,0.0,0.25,0.4,0.55,0.65,0.85,0.9,1.0,,,
HD 34959,hrg,9.244724394197112,0.0,0.0,0.0,0.0,0.0,0.0,0.2,0.5,0.8,0.85,0.95,0.95,1.0,,,
HD 34959,hrg,10.219714631198574,0.0,0.0,0.0,0.0,0.0,0.0,0.15,0.4,0.6,0.75,0.9,1.0,,,,
HD 34959,hrg,11.297531726169419,0.0,0.0,0.0,0.0,0.0,0.0,0.0,0.1,0.4,0.7,0.9,0.95,0.95,0.95,1.0,
HD 34959,hrg,12.489020262284527,0.0,0.0,0.0,0.0,0.0,0.05,0.15,0.2,0.45,0.75,0.95,1.0,,,,
HD 34959,hrg,13.806168541262334,0.0,0.0,0.0,0.0,0.0,0.0,0.05,0.1,0.45,0.6,0.85,0.9,0.95,1.0,,
HD 34959,hrg,15.262229205069346,0.0,0.0,0.0,0.0,0.0,0.0,0.1,0.15,0.35,0.5,0.75,0.85,1.0,,,
HD 34959,hrg,16.87185257893236,0.0,0.0,0.0,0.0,0.0,0.0,0.0,0.2,0.4,0.5,0.9,0.95,1.0,,,
HD 34959,hrg,18.65123407730483,0.0,0.0,0.0,0.0,0.0,0.0,0.1,0.3,0.45,0.65,0.85,0.9,1.0,,,
HD 34959,hrg,20.618277155929842,0.0,0.0,0.0,0.0,0.05,0.05,0.2,0.4,0.8,0.85,0.85,0.9,0.95,1.0,,
HD 34959,hrg,22.792773449560865,0.0,0.0,0.0,0.0,0.0,0.0,0.05,0.15,0.4,0.5,0.85,1.0,,,,
HD 34959,hrg,25.19660190781725,0.0,0.0,0.0,0.0,0.0,0.05,0.1,0.15,0.35,0.4,0.45,0.45,0.5,0.5,0.5,0.55
HD 34959,hrg,27.853948932803153,0.0,0.0,0.0,0.0,0.0,0.0,0.05,0.15,0.3,0.5,0.7,0.8,0.95,1.0,,
HD 34959,hrg,30.791551733430396,0.0,0.0,0.0,0.0,0.0,0.0,0.0,0.0,0.0,0.0,0.0,0.0,0.0,0.0,0.0,0.0
HD 34959,hrg,34.038967344983355,0.0,0.0,0.0,0.0,0.0,0.0,0.1,0.25,0.4,0.45,0.65,0.7,0.85,0.85,0.9,0.95
HD 34959,hrg,37.628870020697775,0.0,0.0,0.0,0.0,0.0,0.0,0.05,0.15,0.25,0.7,0.75,0.85,1.0,,,
HD 34959,hrg,41.59737998759374,0.0,0.0,0.0,0.0,0.0,0.0,0.0,0.15,0.4,0.6,0.9,1.0,,,,
HD 45910,hrg,0.8333333333333334,0.0,0.0,0.0,0.0,0.0,0.1,0.4,0.75,0.85,0.85,0.95,0.95,1.0,,,
HD 45910,hrg,0.9147405296532397,0.0,0.0,0.0,0.0,0.0,0.05,0.5,0.9,0.95,0.95,1.0,,,,,
HD 45910,hrg,1.0041002839083473,0.0,0.0,0.0,0.0,0.05,0.1,0.6,0.95,1.0,,,,,,,
HD 45910,hrg,1.102189470632748,0.0,0.0,0.0,0.0,0.0,0.15,0.55,0.65,0.85,0.85,0.85,1.0,,,,
HD 45910,hrg,1.2098608561737885,0.0,0.0,0.0,0.0,0.0,0.05,0.35,0.75,0.75,0.8,0.85,0.9,0.95,1.0,,
HD 45910,hrg,1.32805051245976,0.0,0.0,0.0,0.0,0.05,0.2,0.5,0.65,0.75,0.85,1.0,,,,,
HD 45910,hrg,1.4577859550084364,0.0,0.0,0.0,0.0,0.0,0.05,0.4,0.7,0.9,0.95,0.95,1.0,,,,
HD 45910,hrg,1.600195075926565,0.0,0.0,0.0,0.0,0.0,0.2,0.45,0.65,0.85,1.0,,,,,,
HD 45910,hrg,1.7565159495618865,0.0,0.0,0.0,0.0,0.0,0.05,0.35,0.6,0.7,0.9,1.0,,,,,
HD 45910,hrg,1.9281075960559237,0.0,0.0,0.0,0.0,0.05,0.2,0.4,0.8,0.85,0.85,0.95,1.0,,,,
HD 45910,hrg,2.1164617963735566,0.0,0.0,0.0,0.0,0.05,0.05,0.4,0.85,0.95,0.95,1.0,,,,,
HD 45910,hrg,2.323216061526713,0.0,0.0,0.0,0.0,0.05,0.15,0.5,0.85,0.95,0.95,0.95,0.95,1.0,,,
HD 45910,hrg,2.5501678687438307,0.0,0.0,0.0,0.0,0.0,0.2,0.55,0.65,0.75,0.9,0.95,1.0,,,,
HD 45910,hrg,2.799290288351286,0.0,0.0,0.0,0.0,0.0,0.05,0.5,0.75,0.85,0.95,1.0,,,,,
HD 45910,hrg,3.0727491372235503,0.0,0.0,0.0,0.0,0.0,0.05,0.55,0.85,0.95,1.0,,,,,,
HD 45910,hrg,3.372921807930487,0.0,0.0,0.0,0.0,0.0,0.0,0.3,0.75,1.0,,,,,,,
HD 45910,hrg,3.7024179372783554,0.0,0.0,0.0,0.0,0.1,0.25,0.5,0.55,0.7,0.85,0.9,0.95,1.0,,,
HD 45910,hrg,4.064102093932389,0.0,0.0,0.0,0.0,0.0,0.05,0.4,0.65,0.85,0.95,0.95,1.0,,,,
HD 45910,hrg,4.461118682362265,0.0,0.0,0.0,0.0,0.0,0.0,0.25,0.55,0.9,0.95,0.95,1.0,,,,
HD 45910,hrg,4.896919279620025,0.0,0.0,0.0,0.0,0.05,0.25,0.45,0.8,0.95,1.0,,,,,,
HD 45910,hrg,5.375292642610539,0.0,0.0,0.0,0.0,0.05,0.1,0.4,0.65,0.85,0.9,1.0,,,,,
HD 45910,hrg,5.900397646731272,0.0,0.0,0.0,0.0,0.05,0.05,0.3,0.55,0.7,0.85,0.95,0.95,0.95,0.95,0.95,1.0
HD 45910,hrg,6.476799442242831,0.0,0.0,0.0,0.05,0.1,0.15,0.25,0.5,0.7,0.75,0.9,1.0,,,,
HD 45910,hrg,7.109509142706017,0.0,0.0,0.0,0.0,0.05,0.15,0.35,0.55,0.8,1.0,,,,,,
HD 45910,hrg,7.80402739052814,0.0,0.0,0.0,0.0,0.0,0.0,0.1,0.3,0.6,0.75,0.8,0.85,0.9,0.95,1.0,
HD 45910,hrg,8.56639217836812,0.0,0.0,0.0,0.0,0.05,0.15,0.25,0.65,0.85,0.95,1.0,,,,,
HD 45910,hrg,9.40323134214939,0.0,0.0,0.0,0.0,0.0,0.05,0.35,0.65,0.9,0.9,0.95,1.0,,,,
HD 45910,hrg,10.32182018204361,0.0,0.0,0.0,0.0,0.0,0.05,0.2,0.55,0.75,0.9,0.95,1.0,,,,
HD 45910,hrg,11.330144712369682,0.0,0.0,0.0,0.0,0.0,0.1,0.35,0.6,0.7,0.8,1.0,,,,,
HD 45910,hrg,12.436971090289076,0.0,0.0,0.0,0.0,0.0,0.0,0.2,0.35,0.6,0.65,0.75,0.9,0.95,1.0,,
HD 45910,hrg,13.65192182689567,0.0,0.0,0.0,0.0,0.05,0.05,0.2,0.55,0.85,0.95,1.0,,,,,
HD 45910,hrg,14.985559443263002,0.0,0.0,0.0,0.0,0.0,0.0,0.15,0.3,0.5,0.7,0.8,0.8,1.0,,,
HD 45910,hrg,16.449478298736608,0.0,0.0,0.0,0.0,0.0,0.0,0.0,0.15,0.25,0.35,0.65,0.8,0.8,0.85,0.95,1.0
HD 45910,hrg,18.056405389806955,0.0,0.0,0.0,0.0,0.05,0.1,0.4,0.55,0.7,0.85,0.85,0.95,0.95,0.95,1.0,
HD 45910,hrg,19.82031099588675,0.0,0.0,0.0,0.0,0.0,0.0,0.15,0.4,0.55,0.6,0.85,0.95,1.0,,,
HD 45910,hrg,21.75653013392325,0.0,0.0,0.0,0.0,0.0,0.0,0.0,0.0,0.0,0.0,0.0,0.0,0.0,0.0,0.0,0.0
HD 45910,hrg,23.881895877745947,0.0,0.0,0.0,0.0,0.0,0.0,0.05,0.35,0.4,0.6,0.75,0.85,1.0,,,
HD 45910,hrg,26.214885701199417,0.0,0.0,0.0,0.0,0.0,0.0,0.35,0.45,0.65,0.75,0.95,1.0,,,,
HD 45910,hrg,28.775782117337155,0.0,0.0,0.0,0.0,0.0,0.0,0.05,0.35,0.7,0.75,1.0,,,,,
HD 45910,hrg,31.586849010239046,0.0,0.0,0.0,0.0,0.0,0.0,0.15,0.3,0.8,0.9,1.0,,,,,
HD 46264,hrg,0.8333333333333334,0.0,0.0,0.0,0.0,0.0,0.05,0.05,0.2,0.45,0.65,0.95,0.95,1.0,,,
HD 46264,hrg,0.923575452434803,0.0,0.0,0.0,0.0,0.0,0.0,0.0,0.0,0.25,0.45,0.75,0.8,0.8,0.9,1.0,
HD 46264,hrg,1.0235899396081813,0.0,0.0,0.0,0.0,0.0,0.0,0.0,0.1,0.45,0.75,0.9,0.9,0.95,1.0,,
HD 46264,hrg,1.1344350498976064,0.0,0.0,0.0,0.0,0.0,0.0,0.05,0.2,0.35,0.65,1.0,,,,,
HD 46264,hrg,1.2572836373604963,0.0,0.0,0.0,0.0,0.0,0.0,0.0,0.1,0.45,0.6,0.85,0.8,0.75,0.8,0.75,0.75
HD 46264,hrg,1.3934355650569141,0.0,0.0,0.0,0.0,0.0,0.0,0.0,0.0,0.45,0.7,0.95,0.95,0.9,0.9,1.0,
HD 46264,hrg,1.5443314589234216,0.0,0.0,0.0,0.0,0.05,0.05,0.05,0.2,0.55,0.75,0.8,0.8,0.85,0.85,0.85,0.85
HD 46264,hrg,1.7115679510613984,0.0,0.0,0.0,0.0,0.0,0.0,0.0,0.15,0.35,0.6,0.9,0.85,0.9,0.9,0.9,0.85
HD 46264,hrg,1.8969145737293276,0.0,0.0,0.0,0.0,0.0,0.0,0.1,0.3,0.45,0.55,0.9,0.95,1.0,,,
HD 46264,hrg,2.102332482794682,0.0,0.0,0.0,0.0,0.0,0.0,0.1,0.2,0.6,0.75,0.95,0.95,1.0,,,
HD 46264,hrg,2.3299952087585774,0.0,0.0,0.0,0.0,0.0,0.0,0.05,0.1,0.25,0.45,0.8,0.85,0.85,0.95,1.0,
HD 46264,hrg,2.5823116549201517,0.0,0.0,0.0,0.0,0.0,0.0,0.05,0.4,0.55,0.9,0.9,0.95,1.0,,,
HD 46264,hrg,2.8619515860246527,0.0,0.0,0.0,0.0,0.0,0.0,0.0,0.05,0.5,0.75,1.0,,,,,
HD 46264,hrg,3.171873877091065,0.0,0.0,0.0,0.0,0.0,0.0,0.15,0.2,0.35,0.65,0.95,1.0,,,,
HD 46264,hrg,3.515357821320616,0.0,0.0,0.0,0.0,0.0,0.0,0.1,0.1,0.35,0.75,1.0,,,,,
HD 46264,hrg,3.896037828355693,0.0,0.0,0.0,0.0,0.0,0.0,0.05,0.2,0.55,0.75,0.9,0.95,0.95,1.0,,
HD 46264,hrg,4.31794188003206,0.0,0.0,0.0,0.0,0.0,0.0,0.05,0.1,0.45,0.75,0.95,0.95,1.0,,,
HD 46264,hrg,4.785534150525352,0.0,0.0,0.0,0.0,0.0,0.0,0.0,0.15,0.4,0.65,0.85,0.85,0.95,1.0,,
HD 46264,hrg,5.303762241856384,0.0,0.0,0.0,0.0,0.0,0.0,0.0,0.05,0.35,0.7,0.8,0.95,1.0,,,
HD 46264,hrg,5.878109534554961,0.0,0.0,0.0,0.0,0.0,0.0,0.0,0.1,0.2,0.35,0.65,0.7,0.75,0.8,0.85,0.85
HD 46264,hrg,6.514653207405513,0.0,0.0,0.0,0.0,0.0,0.0,0.0,0.05,0.3,0.45,0.85,0.9,1.0,,,
HD 46264,hrg,7.220128540182465,0.0,0.0,0.0,0.0,0.0,0.05,0.05,0.1,0.25,0.7,0.95,0.95,1.0,,,
HD 46264,hrg,8.002000179763744,0.0,0.0,0.0,0.0,0.0,0.0,0.15,0.4,0.65,0.7,0.85,0.85,0.95,1.0,,
HD 46264,hrg,8.868541123690408,0.0,0.0,0.0,0.0,0.0,0.0,0.05,0.15,0.35,0.65,0.85,0.9,0.9,0.8,0.8,0.8
HD 46264,hrg,9.82892025689883,0.0,0.0,0.0,0.0,0.0,0.0,0.0,0.1,0.45,0.55,0.9,0.95,0.95,0.95,1.0,
HD 46264,hrg,10.893299367853121,0.0,0.0,0.0,0.0,0.0,0.0,0.05,0.05,0.2,0.35,0.8,0.9,0.9,0.85,0.85,0.8
HD 46264,hrg,12.07294067060724,0.0,0.0,0.0,0.0,0.0,0.0,0.0,0.05,0.2,0.5,0.8,0.85,1.0,,,
HD 46264,hrg,13.38032597048954,0.0,0.0,0.0,0.0,0.0,0.0,0.0,0.0,0.15,0.45,0.8,0.95,1.0,,,
HD 46264,hrg,14.829288734304026,0.0,0.0,0.0,0.0,0.0,0.0,0.0,0.0,0.05,0.3,0.7,0.95,1.0,,,
HD 46264,hrg,16.435160462485403,0.0,0.0,0.0,0.0,0.0,0.0,0.0,0.0,0.2,0.3,0.75,0.85,1.0,,,
HD 46264,hrg,18.21493291197425,0.0,0.0,0.0,0.0,0.0,0.0,0.0,0.05,0.4,0.65,0.85,0.9,1.0,,,
HD 46264,hrg,20.18743788629544,0.0,0.0,0.0,0.0,0.0,0.0,0.0,0.05,0.45,0.55,0.75,0.75,0.85,0.95,1.0,
HD 46264,hrg,22.373546495201754,0.0,0.0,0.0,0.0,0.0,0.0,0.0,0.15,0.25,0.55,0.7,0.75,0.85,0.95,0.95,0.95
HD 46264,hrg,24.79638999225247,0.0,0.0,0.0,0.0,0.0,0.0,0.0,0.05,0.1,0.15,0.3,0.4,0.55,0.7,0.85,0.9
HD 46264,hrg,27.48160452701328,0.0,0.0,0.0,0.0,0.0,0.0,0.0,0.05,0.45,0.6,0.85,0.95,0.95,1.0,,
HD 46264,hrg,30.457602401604742,0.0,0.0,0.0,0.0,0.0,0.0,0.0,0.0,0.2,0.5,0.65,0.75,0.9,1.0,,
HD 46264,hrg,33.75587270176973,0.0,0.0,0.0,0.0,0.0,0.0,0.0,0.05,0.45,0.6,0.8,0.9,1.0,,,
HD 46264,hrg,37.41131448344231,0.0,0.0,0.0,0.0,0.0,0.0,0.0,0.0,0.4,0.55,0.95,1.0,,,,
HD 46264,hrg,41.46260604027112,0.0,0.0,0.0,0.0,0.0,0.0,0.05,0.1,0.45,0.7,0.8,0.9,0.9,0.9,1.0,
HD 46264,hrg,45.952614159323275,0.0,0.0,0.0,0.0,0.0,0.0,0.0,0.1,0.45,0.65,0.85,0.95,1.0,,,
HD 60848,hrg,0.8333333333333334,0.0,0.0,0.0,0.0,0.05,0.05,0.05,0.15,0.55,0.75,1.0,,,,,
HD 60848,hrg,0.9232184397777861,0.0,0.0,0.0,0.0,0.0,0.0,0.0,0.15,0.6,0.85,1.0,,,,,
HD 60848,hrg,1.0227987450548754,0.0,0.0,0.0,0.0,0.0,0.0,0.0,0.1,0.3,0.6,0.9,1.0,,,,
HD 60848,hrg,1.1331199939394876,0.0,0.0,0.0,0.0,0.0,0.0,0.05,0.2,0.55,0.85,1.0,,,,,
HD 60848,hrg,1.2553407274629935,0.0,0.0,0.0,0.0,0.0,0.0,0.0,0.1,0.3,0.65,0.85,0.9,1.0,,,
HD 60848,hrg,1.390744449357475,0.0,0.0,0.0,0.0,0.0,0.05,0.05,0.25,0.6,0.9,0.95,0.95,0.95,1.0,,
HD 60848,hrg,1.540753104798509,0.0,0.0,0.0,0.0,0.0,0.0,0.05,0.1,0.5,0.8,1.0,,,,,
HD 60848,hrg,1.706942012993831,0.0,0.0,0.0,0.0,0.0,0.0,0.05,0.05,0.25,0.5,0.8,0.85,0.95,1.0,,
HD 60848,hrg,1.8910564104327814,0.0,0.0,0.0,0.0,0.0,0.0,0.1,0.2,0.5,0.75,1.0,,,,,
HD 60848,hrg,2.095029778525839,0.0,0.0,0.05,0.05,0.05,0.05,0.1,0.15,0.65,0.9,1.0,,,,,
HD 60848,hrg,2.3210041481023516,0.0,0.0,0.0,0.0,0.0,0.0,0.0,0.15,0.55,0.85,0.95,1.0,,,,
HD 60848,hrg,2.571352593994587,0.0,0.0,0.0,0.0,0.0,0.0,0.0,0.05,0.55,0.75,0.95,1.0,,,,
HD 60848,hrg,2.848704155935494,0.0,0.0,0.0,0.0,0.0,0.0,0.0,0.1,0.55,0.9,1.0,,,,,
HD 60848,hrg,3.155971447477514,0.0,0.0,0.0,0.0,0.0,0.0,0.05,0.1,0.5,0.75,1.0,,,,,
HD 60848,hrg,3.496381242868118,0.0,0.0,0.0,0.0,0.0,0.1,0.15,0.35,0.7,0.8,0.9,0.95,1.0,,,
HD 60848,hrg,3.8735083630908242,0.0,0.0,0.0,0.0,0.0,0.0,0.0,0.1,0.5,0.7,1.0,,,,,
HD 60848,hrg,4.291313216926699,0.0,0.0,0.0,0.0,0.0,0.0,0.05,0.15,0.5,0.75,0.85,0.85,0.9,0.9,0.95,0.95
HD 60848,hrg,4.754183391274631,0.0,0.0,0.0,0.0,0.0,0.0,0.05,0.15,0.6,0.9,0.9,0.95,0.95,1.0,,
HD 60848,hrg,5.266979727492034,0.0,0.0,0.0,0.0,0.0,0.0,0.0,0.1,0.45,0.75,0.85,1.0,,,,
HD 60848,hrg,5.83508736762771,0.0,0.0,0.0,0.0,0.0,0.0,0.0,0.0,0.15,0.35,0.8,0.8,0.95,0.95,0.95,1.0
HD 60848,hrg,6.464472306609987,0.0,0.0,0.0,0.0,0.0,0.0,0.0,0.05,0.55,0.65,0.9,0.95,0.95,1.0,,
HD 60848,hrg,7.161744044274212,0.0,0.0,0.0,0.0,0.0,0.0,0.0,0.05,0.5,0.8,0.95,1.0,,,,
HD 60848,hrg,7.934224995171228,0.0,0.0,0.0,0.0,0.0,0.05,0.05,0.1,0.6,0.75,0.95,1.0,,,,
HD 60848,hrg,8.79002738506547,0.0,0.0,0.0,0.0,0.0,0.0,0.0,0.05,0.15,0.35,0.75,0.95,1.0,,,
HD 60848,hrg,9.738138441652985,0.0,0.0,0.0,0.0,0.0,0.0,0.0,0.15,0.3,0.7,0.9,1.0,,,,
HD 60848,hrg,10.788514774131537,0.0,0.0,0.0,0.0,0.0,0.0,0.0,0.05,0.35,0.65,1.0,,,,,
HD 60848,hrg,11.952186932751973,0.0,0.0,0.0,0.0,0.0,0.0,0.0,0.05,0.3,0.55,0.9,1.0,,,,
HD 60848,hrg,13.241375246385267,0.0,0.0,0.0,0.0,0.0,0.0,0.1,0.1,0.4,0.65,1.0,,,,,
HD 60848,hrg,14.669618154576003,0.0,0.0,0.0,0.0,0.0,0.0,0.05,0.1,0.3,0.65,0.85,0.9,0.95,0.95,1.0,
HD 60848,hrg,16.251914381764248,0.0,0.0,0.0,0.0,0.0,0.05,0.05,0.1,0.25,0.65,0.9,0.9,0.95,1.0,,
HD 60848,hrg,18.00488044672146,0.0,0.0,0.0,0.0,0.0,0.0,0.0,0.1,0.35,0.55,0.9,0.9,0.9,0.95,1.0,
HD 60848,hrg,19.946925161289304,0.0,0.0,0.0,0.0,0.0,0.0,0.0,0.05,0.2,0.25,0.7,0.9,1.0,,,
HD 60848,hrg,22.098442950923726,0.0,0.0,0.0,0.0,0.0,0.0,0.05,0.1,0.5,0.55,0.75,0.85,1.0,,,
HD 60848,hrg,24.482028027204258,0.0,0.0,0.0,0.0,0.0,0.0,0.0,0.1,0.35,0.85,0.95,1.0,,,,
HD 60848,hrg,27.12271166144585,0.0,0.0,0.0,0.0,0.0,0.0,0.05,0.1,0.3,0.55,0.65,0.85,1.0,,,
HD 60848,hrg,30.04822505114736,0.0,0.0,0.0,0.0,0.0,0.0,0.0,0.0,0.05,0.25,0.6,0.7,0.7,0.85,1.0,
HD 60848,hrg,33.289290539774456,0.0,0.0,0.0,0.0,0.0,0.0,0.05,0.2,0.3,0.35,0.55,0.65,0.95,1.0,,
HD 60848,hrg,36.879944248127984,0.0,0.0,0.0,0.0,0.0,0.0,0.0,0.0,0.15,0.45,0.75,0.85,0.9,0.95,1.0,
HD 60848,hrg,40.857893505418154,0.0,0.0,0.0,0.0,0.0,0.0,0.0,0.0,0.05,0.2,0.45,0.55,0.7,0.7,0.85,1.0
HD 60848,hrg,45.26491283361489,0.0,0.0,0.0,0.0,0.0,0.0,0.05,0.05,0.25,0.5,0.75,0.85,1.0,,,
HD 698,hrg,0.8333333333333334,0.0,0.0,0.0,0.0,0.0,0.0,0.05,0.1,0.25,0.5,0.45,0.45,0.5,0.5,0.55,0.5
HD 698,hrg,0.9003149712296041,0.0,0.0,0.0,0.0,0.0,0.0,0.0,0.0,0.45,0.55,0.8,0.95,1.0,,,
HD 698,hrg,0.9726804569041955,0.0,0.0,0.0,0.0,0.0,0.05,0.15,0.25,0.35,0.45,0.7,0.75,0.95,0.95,1.0,
HD 698,hrg,1.0508625330879588,0.0,0.0,0.0,0.0,0.0,0.0,0.05,0.2,0.55,0.7,0.95,0.95,0.95,0.95,1.0,
HD 698,hrg,1.1353287254920255,0.0,0.0,0.0,0.0,0.0,0.0,0.0,0.1,0.5,0.65,0.75,0.75,0.9,0.95,1.0,
HD 698,hrg,1.2265841385929952,0.0,0.0,0.0,0.0,0.05,0.05,0.0,0.2,0.4,0.55,0.55,0.45,0.4,0.4,0.3,0.25
HD 698,hrg,1.3251744761376494,0.0,0.0,0.0,0.0,0.0,0.0,0.0,0.1,0.25,0.35,0.4,0.35,0.2,0.1,0.05,0.0
HD 698,hrg,1.4316893044296883,0.0,0.0,0.0,0.0,0.0,0.0,0.1,0.3,0.4,0.55,0.65,0.9,1.0,,,
HD 698,hrg,1.546765577912816,0.0,0.0,0.0,0.0,0.0,0.0,0.0,0.15,0.15,0.4,0.55,0.7,0.7,0.65,0.7,0.65
HD 698,hrg,1.6710914481330228,0.0,0.0,0.0,0.0,0.0,0.0,0.0,0.0,0.55,0.65,0.8,0.9,1.0,,,
HD 698,hrg,1.805410378857504,0.0,0.0,0.0,0.0,0.0,0.0,0.05,0.15,0.45,0.5,0.5,0.6,0.5,0.5,0.55,0.7
HD 698,hrg,1.9505255919584668,0.0,0.0,0.0,0.0,0.0,0.0,0.0,0.0,0.25,0.6,0.75,0.8,0.9,0.95,1.0,
HD 698,hrg,2.1073048706480324,0.0,0.0,0.0,0.0,0.0,0.0,0.1,0.05,0.3,0.3,0.45,0.55,0.75,0.9,1.0,
HD 698,hrg,2.2766857487873855,0.0,0.0,0.0,0.0,0.0,0.0,0.0,0.15,0.5,0.6,0.75,0.85,0.9,0.95,1.0,
HD 698,hrg,2.4596811173020376,0.0,0.0,0.0,0.0,0.0,0.0,0.0,0.0,0.05,0.2,0.7,0.9,0.95,0.95,0.95,1.0
HD 698,hrg,2.6573852812293413,0.0,0.0,0.0,0.0,0.0,0.0,0.05,0.05,0.4,0.65,0.7,0.7,0.7,0.8,0.85,0.85
HD 698,hrg,2.8709805036191614,0.0,0.0,0.0,0.0,0.05,0.05,0.05,0.25,0.35,0.5,0.7,0.7,0.75,0.7,0.65,0.6
HD 698,hrg,3.1017440754199677,0.0,0.0,0.0,0.0,0.0,0.0,0.05,0.15,0.45,0.55,0.8,0.85,0.8,0.75,0.85,0.85
HD 698,hrg,3.351055953627988,0.0,0.0,0.0,0.0,0.0,0.05,0.05,0.05,0.45,0.7,0.85,0.85,0.95,1.0,,
HD 698,hrg,3.6204070133752504,0.0,0.0,0.0,0.0,0.0,0.0,0.05,0.15,0.4,0.6,0.75,0.75,0.75,0.8,0.85,0.95
HD 698,hrg,3.9114079633036747,0.0,0.0,0.0,0.0,0.0,0.0,0.0,0.0,0.4,0.65,0.65,0.9,0.95,1.0,,
HD 698,hrg,4.2257989775387905,0.0,0.0,0.0,0.0,0.0,0.0,0.0,0.0,0.35,0.5,0.65,0.6,0.55,0.55,0.55,0.35
HD 698,hrg,4.5654601018619125,0.0,0.0,0.0,0.0,0.0,0.0,0.0,0.05,0.2,0.35,0.45,0.5,0.4,0.45,0.45,0.45
HD 698,hrg,4.932422496309256,0.0,0.0,0.0,0.0,0.0,0.0,0.05,0.15,0.3,0.45,0.65,0.7,0.75,0.8,1.0,
HD 698,hrg,5.328880581428304,0.0,0.0,0.0,0.0,0.0,0.0,0.0,0.1,0.25,0.35,0.5,0.35,0.35,0.3,0.15,0.0
HD 698,hrg,5.757205160825543,0.0,0.0,0.0,0.0,0.0,0.0,0.0,0.05,0.3,0.25,0.05,0.1,0.2,0.15,0.2,0.25
HD 698,hrg,6.219957598477892,0.0,0.0,0.0,0.0,0.0,0.0,0.1,0.1,0.2,0.3,0.4,0.45,0.75,0.85,0.95,1.0
HD 698,hrg,6.719905135587577,0.0,0.0,0.0,0.0,0.0,0.0,0.0,0.0,0.05,0.25,0.45,0.65,0.75,0.85,0.9,0.95
HD 698,hrg,7.2600374385746385,0.0,0.0,0.0,0.0,0.0,0.0,0.0,0.0,0.0,0.05,0.35,0.45,0.65,0.8,0.9,0.95
HD 698,hrg,7.843584477163409,0.0,0.0,0.0,0.0,0.0,0.0,0.0,0.0,0.1,0.2,0.3,0.55,0.85,0.85,1.0,
HD 698,hrg,8.474035839473213,0.0,0.0,0.0,0.0,0.0,0.0,0.05,0.05,0.2,0.25,0.6,0.6,0.75,0.85,0.85,0.95
HD 698,hrg,9.155161599616752,0.0,0.0,0.0,0.0,0.0,0.0,0.0,0.0,0.15,0.25,0.3,0.25,0.15,0.1,0.0,0.0
HD 698,hrg,9.8910348625936,0.0,0.0,0.0,0.0,0.0,0.0,0.0,0.0,0.05,0.15,0.2,0.15,0.0,0.0,0.0,0.0
HD 698,hrg,10.686056121296359,0.0,0.0,0.0,0.0,0.0,0.0,0.05,0.05,0.1,0.15,0.35,0.3,0.2,0.2,0.05,0.05
HD 698,hrg,11.54497957128344,0.0,0.0,0.0,0.0,0.0,0.0,0.0,0.0,0.05,0.1,0.3,0.4,0.45,0.45,0.55,0.55
HD 698,hrg,12.4729415406797,0.0,0.0,0.0,0.0,0.0,0.0,0.0,0.0,0.1,0.15,0.35,0.5,0.7,0.75,0.9,0.9
HD 698,hrg,13.475491205214693,0.0,0.0,0.0,0.0,0.0,0.0,0.0,0.0,0.1,0.15,0.3,0.35,0.55,0.55,0.6,0.65
HD 698,hrg,14.558623772073181,0.0,0.0,0.0,0.0,0.0,0.0,0.0,0.0,0.0,0.2,0.25,0.35,0.65,0.8,1.0,
HD 698,hrg,15.728816330996036,0.0,0.0,0.0,0.0,0.0,0.0,0.0,0.0,0.0,0.0,0.0,0.0,0.0,0.0,0.0,0.0
HD 698,hrg,16.99306658701971,0.0,0.0,0.0,0.0,0.0,0.0,0.0,0.0,0.05,0.1,0.4,0.65,0.85,1.0,,
bet CMi,hrg,0.8333333333333334,0.0,0.0,0.0,0.0,0.0,0.0,0.2,0.4,0.75,0.9,1.0,,,,,
bet CMi,hrg,0.9248903836083353,0.0,0.0,0.0,0.0,0.0,0.0,0.1,0.25,0.7,0.95,1.0,,,,,
bet CMi,hrg,1.0265066660294084,0.0,0.0,0.0,0.0,0.0,0.0,0.0,0.1,0.65,0.95,1.0,,,,,
bet CMi,hrg,1.1392873729445434,0.0,0.0,0.0,0.0,0.0,0.0,0.15,0.4,0.75,0.95,1.0,,,,,
bet CMi,hrg,1.2644591224833734,0.0,0.0,0.0,0.0,0.0,0.0,0.15,0.4,0.95,1.0,,,,,,
bet CMi,hrg,1.4033832994208475,0.0,0.0,0.0,0.0,0.1,0.1,0.25,0.5,0.95,1.0,,,,,,
bet CMi,hrg,1.5575708617810549,0.0,0.0,0.0,0.0,0.0,0.0,0.15,0.35,0.9,1.0,,,,,,
bet CMi,hrg,1.728698774219814,0.0,0.0,0.0,0.0,0.0,0.0,0.0,0.1,0.65,0.85,1.0,,,,,
bet CMi,hrg,1.9186282469177074,0.0,0.0,0.0,0.0,0.0,0.05,0.15,0.25,0.75,0.95,1.0,,,,,
bet CMi,hrg,2.129424978352207,0.0,0.0,0.0,0.0,0.0,0.0,0.0,0.2,0.65,0.95,1.0,,,,,
bet CMi,hrg,2.363381622112013,0.0,0.0,0.0,0.0,0.0,0.0,0.05,0.15,0.7,0.95,1.0,,,,,
bet CMi,hrg,2.6230427221056836,0.0,0.0,0.0,0.0,0.0,0.1,0.1,0.25,0.6,0.9,1.0,,,,,
bet CMi,hrg,2.9112323873632535,0.0,0.0,0.0,0.0,0.0,0.0,0.05,0.4,0.8,0.8,1.0,,,,,
bet CMi,hrg,3.2310850074256905,0.0,0.0,0.0,0.0,0.0,0.0,0.05,0.1,0.6,0.9,1.0,,,,,
bet CMi,hrg,3.5860793423869053,0.0,0.0,0.0,0.0,0.0,0.0,0.0,0.25,0.55,0.85,1.0,,,,,
bet CMi,hrg,3.9800763583561816,0.0,0.0,0.0,0.0,0.0,0.0,0.05,0.05,0.5,0.85,1.0,,,,,
bet CMi,hrg,4.417361219844618,0.0,0.0,0.0,0.0,0.0,0.0,0.15,0.15,0.75,0.9,1.0,,,,,
bet CMi,hrg,4.902689895790408,0.0,0.0,0.0,0.0,0.05,0.05,0.2,0.4,0.7,0.95,1.0,,,,,
bet CMi,hrg,5.441340886116358,0.0,0.0,0.0,0.0,0.0,0.0,0.0,0.2,0.65,1.0,,,,,,
bet CMi,hrg,6.039172631404654,0.0,0.0,0.0,0.0,0.0,0.0,0.05,0.2,0.75,0.9,0.95,1.0,,,,
bet CMi,hrg,6.7026872300841704,0.0,0.0,0.0,0.0,0.0,0.0,0.0,0.05,0.4,0.6,0.95,1.0,,,,
bet CMi,hrg,7.439101156127087,0.0,0.0,0.0,0.0,0.0,0.0,0.05,0.2,0.7,0.85,1.0,,,,,
bet CMi,hrg,8.256423746389911,0.0,0.0,0.0,0.0,0.0,0.0,0.15,0.15,0.65,0.9,0.95,0.95,1.0,,,
bet CMi,hrg,9.163544311237843,0.0,0.0,0.0,0.0,0.0,0.0,0.05,0.1,0.65,0.8,1.0,,,,,
bet CMi,hrg,10.170328815879293,0.0,0.0,0.0,0.0,0.0,0.0,0.05,0.15,0.6,0.85,1.0,,,,,
bet CMi,hrg,11.287727183929801,0.0,0.0,0.0,0.0,0.0,0.0,0.1,0.15,0.65,0.8,1.0,,,,,
bet CMi,hrg,12.527892390253283,0.0,0.0,0.0,0.0,0.0,0.0,0.0,0.1,0.5,0.9,1.0,,,,,
bet CMi,hrg,13.904312638350365,0.0,0.0,0.0,0.0,0.0,0.1,0.1,0.25,0.6,0.85,1.0,,,,,
bet CMi,hrg,15.431958059872915,0.0,0.0,0.0,0.0,0.0,0.0,0.15,0.3,0.85,0.95,1.0,,,,,
bet CMi,hrg,17.127443531788323,0.0,0.0,0.0,0.0,0.0,0.0,0.15,0.25,0.5,0.8,0.95,1.0,,,,
bet CMi,hrg,19.009209382014955,0.0,0.0,0.0,0.0,0.0,0.0,0.1,0.3,0.85,0.95,1.0,,,,,
bet CMi,hrg,21.097721948907576,0.0,0.0,0.0,0.0,0.0,0.05,0.2,0.4,0.75,0.85,1.0,,,,,
bet CMi,hrg,23.41569617590455,0.0,0.0,0.0,0.0,0.0,0.05,0.15,0.3,0.65,0.8,1.0,,,,,
bet CMi,hrg,25.98834266230631,0.0,0.0,0.0,0.0,0.0,0.0,0.05,0.15,0.65,0.75,1.0,,,,,
bet CMi,hrg,28.84364185714242,0.0,0.0,0.0,0.0,0.0,0.0,0.05,0.15,0.4,0.6,0.75,0.75,0.75,0.85,0.85,0.85
bet CMi,hrg,32.01264837829665,0.0,0.0,0.0,0.0,0.0,0.0,0.0,0.0,0.0,0.0,0.0,0.0,0.0,0.0,0.0,0.0
bet CMi,hrg,35.529828766705855,0.0,0.0,0.0,0.0,0.0,0.0,0.0,0.1,0.3,0.85,1.0,,,,,
bet CMi,hrg,39.43343634909246,0.0,0.0,0.0,0.0,0.0,0.0,0.0,0.0,0.35,0.6,0.9,1.0,,,,
bet CMi,hrg,43.765927286288395,0.0,0.0,0.0,0.0,0.0,0.0,0.0,0.0,0.45,0.65,0.8,0.85,1.0,,,
bet CMi,hrg,48.574422332147755,0.0,0.0,0.0,0.0,0.0,0.0,0.05,0.15,0.55,0.9,1.0,,,,,
eta Tau,hrg,0.8333333333333334,0.0,0.0,0.0,0.0,0.0,0.0,0.05,0.05,0.35,0.4,0.65,0.8,0.8,0.75,0.75,0.75
eta Tau,hrg,0.9051715167401352,0.0,0.0,0.0,0.0,0.0,0.0,0.0,0.0,0.3,0.55,0.75,0.9,1.0,,,
eta Tau,hrg,0.9832025696611641,0.0,0.0,0.0,0.0,0.0,0.0,0.1,0.15,0.35,0.5,0.8,0.85,0.95,1.0,,
eta Tau,hrg,1.0679603534915934,0.0,0.0,0.0,0.0,0.0,0.0,0.0,0.05,0.4,0.55,0.75,1.0,,,,
eta Tau,hrg,1.1600247515859796,0.0,0.0,0.0,0.0,0.0,0.0,0.0,0.1,0.3,0.45,0.75,0.95,1.0,,,
eta Tau,hrg,1.2600256366190155,0.0,0.0,0.0,0.0,0.0,0.0,0.0,0.05,0.3,0.55,0.65,0.85,0.85,0.95,1.0,
eta Tau,hrg,1.3686471799558664,0.0,0.0,0.0,0.0,0.0,0.05,0.1,0.2,0.3,0.6,0.75,0.85,0.8,0.75,0.65,0.65
eta Tau,hrg,1.4866325325153125,0.0,0.0,0.0,0.0,0.0,0.0,0.05,0.05,0.25,0.4,0.75,0.95,1.0,,,
eta Tau,hrg,1.6147889091505363,0.0,0.0,0.0,0.0,0.0,0.0,0.05,0.15,0.2,0.3,0.4,0.65,0.5,0.45,0.45,0.6
eta Tau,hrg,1.753993111333127,0.0,0.0,0.0,0.0,0.0,0.0,0.05,0.2,0.3,0.45,0.65,0.7,0.75,0.75,0.75,0.75
eta Tau,hrg,1.9051975259245864,0.0,0.0,0.0,0.0,0.0,0.0,0.0,0.05,0.25,0.35,0.65,1.0,,,,
eta Tau,hrg,2.069436641076853,0.0,0.0,0.0,0.0,0.0,0.0,0.0,0.05,0.4,0.65,0.85,0.95,1.0,,,
eta Tau,hrg,2.247834123841375,0.0,0.0,0.0,0.0,0.0,0.0,0.0,0.0,0.2,0.5,0.7,1.0,,,,
eta Tau,hrg,2.4416105079092763,0.0,0.0,0.0,0.0,0.0,0.0,0.0,0.05,0.2,0.55,0.7,0.75,0.8,0.8,0.7,0.75
eta Tau,hrg,2.6520915440794695,0.0,0.0,0.0,0.0,0.0,0.0,0.0,0.0,0.2,0.5,0.8,0.9,1.0,,,
eta Tau,hrg,2.8807172705857202,0.0,0.0,0.0,0.0,0.0,0.0,0.05,0.1,0.35,0.55,0.75,0.8,0.9,0.9,1.0,
eta Tau,hrg,3.129051865338695,0.0,0.0,0.0,0.0,0.0,0.0,0.05,0.1,0.25,0.75,0.9,0.95,1.0,,,
eta Tau,hrg,3.398794347488611,0.0,0.0,0.0,0.0,0.0,0.0,0.0,0.05,0.2,0.55,0.7,0.85,1.0,,,
eta Tau,hrg,3.691790201524876,0.0,0.0,0.0,0.0,0.0,0.0,0.0,0.0,0.1,0.3,0.6,0.65,0.65,0.7,0.75,0.75
eta Tau,hrg,4.01004400344077,0.0,0.0,0.0,0.0,0.0,0.0,0.0,0.0,0.2,0.5,0.7,0.8,0.95,0.95,1.0,
eta Tau,hrg,4.355733135346998,0.0,0.0,0.0,0.0,0.0,0.05,0.1,0.25,0.5,0.55,0.65,0.7,0.9,0.9,0.9,0.95
eta Tau,hrg,4.731222682364768,0.0,0.0,0.0,0.0,0.05,0.05,0.05,0.05,0.1,0.4,0.85,0.95,0.95,1.0,,
eta Tau,hrg,5.139081613717737,0.0,0.0,0.0,0.0,0.0,0.0,0.0,0.05,0.15,0.6,0.75,0.9,0.95,0.95,0.95,0.95
eta Tau,hrg,5.582100358728271,0.0,0.0,0.0,0.0,0.0,0.0,0.0,0.05,0.15,0.25,0.3,0.3,0.4,0.4,0.5,0.55
eta Tau,hrg,6.0633098979668665,0.0,0.0,0.0,0.0,0.0,0.0,0.0,0.1,0.2,0.5,0.65,0.7,0.7,0.8,0.85,0.85
eta Tau,hrg,6.58600250016977,0.0,0.0,0.0,0.0,0.0,0.0,0.0,0.1,0.2,0.4,0.7,0.75,0.85,0.85,0.85,0.85
eta Tau,hrg,7.1537542467995925,0.0,0.0,0.0,0.0,0.0,0.0,0.0,0.0,0.15,0.15,0.4,0.8,0.9,0.95,1.0,
eta Tau,hrg,7.7704494983541235,0.0,0.0,0.0,0.0,0.0,0.0,0.05,0.05,0.15,0.3,0.85,0.9,1.0,,,
eta Tau,hrg,8.44030746981339,0.0,0.0,0.0,0.0,0.0,0.0,0.0,0.05,0.1,0.2,0.4,0.45,0.35,0.4,0.35,0.3
eta Tau,hrg,9.167911097044893,0.0,0.0,0.0,0.0,0.0,0.0,0.0,0.0,0.05,0.4,0.65,0.75,0.9,1.0,,
eta Tau,hrg,9.958238391661009,0.0,0.0,0.0,0.0,0.0,0.0,0.0,0.0,0.15,0.45,0.8,1.0,,,,
eta Tau,hrg,10.816696498847568,0.0,0.0,0.0,0.0,0.0,0.0,0.0,0.0,0.05,0.25,0.45,0.65,0.9,1.0,,
eta Tau,hrg,11.749158691175474,0.0,0.0,0.0,0.0,0.0,0.05,0.05,0.05,0.1,0.15,0.25,0.35,0.25,0.25,0.3,0.3
eta Tau,hrg,12.762004551494211,0.0,0.0,0.0,0.0,0.0,0.0,0.0,0.0,0.0,0.15,0.5,0.8,0.95,1.0,,
eta Tau,hrg,13.862163619824633,0.0,0.0,0.0,0.0,0.0,0.0,0.0,0.05,0.05,0.25,0.65,0.75,0.9,0.9,1.0,
eta Tau,hrg,15.057162802867902,0.0,0.0,0.0,0.0,0.0,0.0,0.0,0.0,0.2,0.3,0.65,0.9,0.9,1.0,,
eta Tau,hrg,16.355177870490095,0.0,0.0,0.0,0.0,0.0,0.0,0.0,0.0,0.0,0.0,0.0,0.0,0.0,0.0,0.0,0.0
eta Tau,hrg,17.765089391503455,0.0,0.0,0.0,0.0,0.0,0.0,0.0,0.0,0.0,0.0,0.0,0.0,0.0,0.0,0.0,0.0
eta Tau,hrg,19.29654349143753,0.0,0.0,0.0,0.0,0.0,0.0,0.0,0.0,0.0,0.0,0.0,0.0,0.0,0.0,0.0,0.0
eta Tau,hrg,20.96001784798379,0.0,0.0,0.0,0.0,0.0,0.0,0.0,0.0,0.1,0.35,0.65,0.9,1.0,,,
phi Per,hrg,0.8333333333333334,0.0,0.0,0.0,0.0,0.0,0.0,0.0,0.05,0.0,0.0,0.0,0.0,0.1,0.2,0.25,0.25
phi Per,hrg,0.895843805311562,0.0,0.0,0.0,0.0,0.0,0.0,0.0,0.0,0.0,0.0,0.05,0.0,0.05,0.05,0.0,0.0
phi Per,hrg,0.9630433482181198,0.0,0.0,0.0,0.0,0.0,0.0,0.0,0.0,0.0,0.0,0.1,0.15,0.25,0.5,0.6,0.8
phi Per,hrg,1.0352837012972498,0.0,0.0,0.0,0.0,0.0,0.0,0.0,0.0,0.05,0.1,0.1,0.0,0.0,0.0,0.0,0.0
phi Per,hrg,1.1129429886566,0.0,0.0,0.0,0.0,0.05,0.0,0.05,0.0,0.0,0.0,0.15,0.15,0.15,0.25,0.45,0.45
phi Per,hrg,1.1964276984635414,0.0,0.0,0.0,0.0,0.0,0.0,0.0,0.0,0.0,0.0,0.0,0.0,0.15,0.2,0.45,0.55
phi Per,hrg,1.2861748106060795,0.0,0.0,0.0,0.0,0.0,0.0,0.0,0.0,0.0,0.05,0.05,0.0,0.0,0.0,0.0,0.0
phi Per,hrg,1.3826540839550734,0.0,0.0,0.0,0.0,0.0,0.0,0.0,0.0,0.0,0.0,0.0,0.0,0.0,0.0,0.05,0.05
phi Per,hrg,1.4863705151998616,0.0,0.0,0.0,0.0,0.0,0.0,0.0,0.0,0.0,0.0,0.0,0.0,0.0,0.0,0.0,0.0
phi Per,hrg,1.5978669821274611,0.0,0.0,0.0,0.0,0.0,0.0,0.0,0.0,0.0,0.0,0.0,0.0,0.0,0.0,0.0,0.0
phi Per,hrg,1.7177270851809197,0.0,0.0,0.0,0.0,0.0,0.0,0.0,0.05,0.0,0.0,0.05,0.05,0.05,0.0,0.0,0.0
phi Per,hrg,1.846578202170255,0.0,0.0,0.0,0.0,0.0,0.0,0.0,0.05,0.05,0.0,0.05,0.05,0.1,0.1,0.05,0.05
phi Per,hrg,1.9850947721251013,0.0,0.0,0.0,0.0,0.0,0.0,0.0,0.0,0.0,0.0,0.0,0.05,0.25,0.4,0.6,0.8
phi Per,hrg,2.134001825477567,0.0,0.0,0.0,0.0,0.0,0.0,0.0,0.0,0.0,0.0,0.0,0.05,0.05,0.0,0.0,0.0
phi Per,hrg,2.2940787790531716,0.0,0.0,0.0,0.0,0.0,0.0,0.0,0.05,0.05,0.05,0.1,0.15,0.35,0.45,0.9,1.0
phi Per,hrg,2.466163515733794,0.0,0.0,0.0,0.0,0.0,0.0,0.0,0.0,0.0,0.0,0.0,0.0,0.15,0.3,0.25,0.25
phi Per,hrg,2.651156770146603,0.0,0.0,0.0,0.0,0.0,0.0,0.0,0.0,0.0,0.0,0.0,0.0,0.0,0.0,0.0,0.0
phi Per,hrg,2.8500268433347715,0.0,0.0,0.0,0.0,0.0,0.0,0.0,0.0,0.0,0.05,0.05,0.0,0.1,0.15,0.1,0.1
phi Per,hrg,3.0638146710877443,0.0,0.0,0.0,0.0,0.0,0.0,0.0,0.0,0.0,0.0,0.0,0.0,0.25,0.45,0.65,0.9
phi Per,hrg,3.293639272459964,0.0,0.0,0.0,0.0,0.0,0.0,0.0,0.0,0.0,0.0,0.0,0.0,0.0,0.05,0.1,0.15
phi Per,hrg,3.540703606996966,0.0,0.0,0.0,0.0,0.0,0.0,0.0,0.0,0.0,0.0,0.05,0.1,0.0,0.0,0.0,0.0
phi Per,hrg,3.8063008713270428,0.0,0.0,0.0,0.0,0.0,0.0,0.0,0.0,0.0,0.0,0.0,0.0,0.0,0.0,0.0,0.0
phi Per,hrg,4.091821268076398,0.0,0.0,0.0,0.0,0.0,0.0,0.0,0.0,0.0,0.0,0.0,0.0,0.0,0.0,0.0,0.0
phi Per,hrg,4.39875928253801,0.0,0.0,0.0,0.0,0.0,0.0,0.0,0.0,0.05,0.1,0.0,0.0,0.0,0.0,0.0,0.0
phi Per,hrg,4.728721505182089,0.0,0.0,0.0,0.0,0.0,0.0,0.0,0.0,0.0,0.0,0.0,0.0,0.1,0.1,0.1,0.15
phi Per,hrg,5.083435040953128,0.0,0.0,0.0,0.0,0.0,0.0,0.0,0.0,0.0,0.0,0.0,0.05,0.05,0.0,0.0,0.0
phi Per,hrg,5.464756549369903,0.0,0.0,0.0,0.0,0.0,0.0,0.0,0.05,0.05,0.05,0.05,0.1,0.05,0.0,0.0,0.0
phi Per,hrg,5.874681962746577,0.0,0.0,0.0,0.0,0.0,0.0,0.0,0.0,0.0,0.0,0.0,0.0,0.0,0.0,0.0,0.0
phi Per,hrg,6.315356933402508,0.0,0.0,0.0,0.0,0.0,0.0,0.0,0.0,0.1,0.05,0.05,0.05,0.05,0.0,0.0,0.0
phi Per,hrg,6.789088064544071,0.0,0.0,0.0,0.0,0.0,0.0,0.0,0.0,0.0,0.05,0.15,0.1,0.2,0.25,0.4,0.4
phi Per,hrg,7.298354983603762,0.0,0.0,0.0,0.0,0.0,0.0,0.0,0.05,0.05,0.0,0.0,0.0,0.0,0.0,0.0,0.0
phi Per,hrg,7.845823321231435,0.0,0.0,0.0,0.0,0.0,0.05,0.05,0.05,0.0,0.0,0.05,0.05,0.0,0.05,0.0,0.0
phi Per,hrg,8.434358663873,0.0,0.0,0.0,0.0,0.0,0.0,0.0,0.0,0.0,0.0,0.0,0.0,0.1,0.1,0.05,0.0
phi Per,hrg,9.067041552967837,0.0,0.0,0.0,0.0,0.0,0.0,0.0,0.0,0.0,0.0,0.05,0.1,0.05,0.05,0.0,0.0
phi Per,hrg,9.747183609274513,0.0,0.0,0.0,0.0,0.0,0.0,0.0,0.0,0.0,0.05,0.1,0.15,0.2,0.3,0.7,0.7
phi Per,hrg,10.478344866723555,0.0,0.0,0.0,0.0,0.0,0.0,0.0,0.0,0.0,0.0,0.05,0.05,0.05,0.15,0.4,0.75
phi Per,hrg,11.264352406527001,0.0,0.0,0.0,0.0,0.0,0.0,0.0,0.0,0.0,0.0,0.0,0.0,0.0,0.0,0.0,0.0
phi Per,hrg,12.109320389080318,0.0,0.0,0.0,0.0,0.0,0.0,0.0,0.0,0.0,0.0,0.0,0.0,0.0,0.0,0.0,0.0
phi Per,hrg,13.017671588508716,0.0,0.0,0.0,0.0,0.0,0.0,0.0,0.0,0.0,0.0,0.05,0.05,0.1,0.1,0.0,0.0
phi Per,hrg,13.994160542575022,0.0,0.0,0.0,0.0,0.0,0.0,0.0,0.0,0.0,0.0,0.0,0.05,0.15,0.35,0.65,0.85
pi. Aqr,hrg,0.8333333333333334,0.0,0.0,0.0,0.0,0.0,0.0,0.0,0.0,0.1,0.2,0.35,0.5,0.75,0.75,0.8,0.75
pi. Aqr,hrg,0.9300934646478131,0.0,0.0,0.0,0.0,0.0,0.0,0.0,0.05,0.05,0.25,0.55,0.85,0.9,1.0,,
pi. Aqr,hrg,1.038088623576687,0.0,0.0,0.0,0.0,0.0,0.0,0.0,0.0,0.0,0.05,0.2,0.5,0.9,0.95,1.0,
pi. Aqr,hrg,1.1586233334167044,0.0,0.0,0.0,0.0,0.0,0.0,0.0,0.0,0.0,0.0,0.1,0.15,0.2,0.25,0.3,0.3
pi. Aqr,hrg,1.293153588479209,0.0,0.0,0.0,0.0,0.0,0.0,0.0,0.0,0.0,0.1,0.25,0.35,0.55,0.55,0.5,0.5
pi. Aqr,hrg,1.4433044417164553,0.0,0.0,0.0,0.0,0.0,0.0,0.0,0.0,0.0,0.15,0.25,0.4,0.5,0.5,0.45,0.45
pi. Aqr,hrg,1.6108896344851626,0.0,0.0,0.0,0.0,0.0,0.0,0.0,0.0,0.05,0.1,0.2,0.45,0.85,0.95,1.0,
pi. Aqr,hrg,1.7979335055642647,0.0,0.0,0.0,0.0,0.0,0.0,0.05,0.05,0.05,0.1,0.1,0.3,0.6,0.75,0.8,0.8
pi. Aqr,hrg,2.0066954440759863,0.0,0.0,0.0,0.0,0.0,0.0,0.0,0.0,0.05,0.05,0.4,0.6,0.8,0.9,0.9,0.9
pi. Aqr,hrg,2.239697181688338,0.0,0.0,0.0,0.0,0.0,0.0,0.0,0.0,0.05,0.15,0.45,0.55,0.6,0.6,0.75,0.75
pi. Aqr,hrg,2.4997532537741387,0.0,0.0,0.0,0.0,0.0,0.0,0.0,0.0,0.0,0.0,0.1,0.25,0.3,0.4,0.45,0.45
pi. Aqr,hrg,2.7900049974809193,0.0,0.0,0.0,0.0,0.0,0.0,0.0,0.05,0.15,0.35,0.55,0.85,0.95,1.0,,
pi. Aqr,hrg,3.1139584973900893,0.0,0.0,0.0,0.0,0.0,0.0,0.05,0.05,0.05,0.05,0.1,0.1,0.1,0.05,0.1,0.0
pi. Aqr,hrg,3.4755269371284547,0.0,0.0,0.0,0.0,0.0,0.0,0.0,0.0,0.0,0.05,0.3,0.5,0.85,0.9,1.0,
pi. Aqr,hrg,3.8790778685167275,0.0,0.0,0.0,0.0,0.0,0.0,0.0,0.0,0.0,0.0,0.05,0.1,0.2,0.25,0.25,0.25
pi. Aqr,hrg,4.329485969240851,0.0,0.0,0.0,0.0,0.0,0.0,0.0,0.0,0.0,0.05,0.15,0.55,0.9,1.0,,
pi. Aqr,hrg,4.832191926330382,0.0,0.0,0.0,0.0,0.0,0.0,0.0,0.0,0.05,0.2,0.25,0.35,0.3,0.3,0.3,0.3
pi. Aqr,hrg,5.393268156724578,0.0,0.0,0.0,0.0,0.0,0.0,0.0,0.0,0.05,0.1,0.3,0.4,0.5,0.65,0.7,0.7
pi. Aqr,hrg,6.019492158795224,0.0,0.0,0.0,0.0,0.0,0.0,0.0,0.0,0.0,0.0,0.0,0.0,0.05,0.1,0.15,0.2
pi. Aqr,hrg,6.718428380873032,0.0,0.0,0.0,0.0,0.0,0.0,0.0,0.0,0.05,0.15,0.45,0.85,1.0,,,
pi. Aqr,hrg,7.498519595705273,0.0,0.0,0.0,0.0,0.0,0.0,0.0,0.0,0.1,0.15,0.35,0.45,0.7,0.8,0.9,0.9
pi. Aqr,hrg,8.369188884598843,0.0,0.0,0.0,0.0,0.0,0.0,0.0,0.0,0.05,0.15,0.3,0.4,0.5,0.6,0.6,0.6
pi. Aqr,hrg,9.340953463162204,0.0,0.0,0.0,0.0,0.0,0.0,0.0,0.0,0.0,0.05,0.3,0.5,0.75,0.9,0.9,0.9
pi. Aqr,hrg,10.425551723599824,0.0,0.0,0.0,0.0,0.0,0.0,0.0,0.0,0.0,0.15,0.4,0.65,1.0,,,
pi. Aqr,hrg,11.636085028161528,0.0,0.0,0.0,0.0,0.0,0.0,0.0,0.05,0.05,0.1,0.15,0.4,0.75,0.95,1.0,
pi. Aqr,hrg,12.987175966535155,0.0,0.0,0.0,0.0,0.0,0.0,0.05,0.05,0.05,0.05,0.25,0.4,0.55,0.55,0.6,0.6
pi. Aqr,hrg,14.495144988846592,0.0,0.0,0.0,0.0,0.0,0.0,0.0,0.0,0.05,0.1,0.3,0.55,1.0,,,
pi. Aqr,hrg,16.178207547898456,0.0,0.0,0.0,0.0,0.0,0.0,0.0,0.0,0.1,0.2,0.55,0.75,0.95,1.0,,
pi. Aqr,hrg,18.05669413201953,0.0,0.0,0.0,0.0,0.0,0.0,0.0,0.0,0.0,0.0,0.05,0.15,0.2,0.25,0.2,0.2
pi. Aqr,hrg,20.153295846403054,0.0,0.0,0.0,0.0,0.0,0.0,0.0,0.05,0.1,0.25,0.6,0.7,0.9,0.95,1.0,
pi. Aqr,hrg,22.493338509424067,0.0,0.0,0.0,0.0,0.0,0.0,0.05,0.05,0.05,0.0,0.15,0.15,0.25,0.3,0.3,0.3
pi. Aqr,hrg,25.105088574871566,0.0,0.0,0.0,0.0,0.0,0.0,0.0,0.0,0.0,0.0,0.3,0.6,0.85,0.85,0.8,0.8
pi. Aqr,hrg,28.020094575471028,0.0,0.0,0.0,0.0,0.0,0.0,0.0,0.0,0.0,0.05,0.3,0.4,0.4,0.4,0.4,0.4
pi. Aqr,hrg,31.27356821215109,0.0,0.0,0.0,0.0,0.0,0.0,0.0,0.05,0.05,0.15,0.3,0.7,0.95,1.0,,
pi. Aqr,hrg,34.904809692407184,0.0,0.0,0.0,0.0,0.0,0.0,0.0,0.0,0.05,0.05,0.2,0.65,0.85,1.0,,
pi. Aqr,hrg,38.95768245562026,0.0,0.0,0.0,0.0,0.0,0.0,0.0,0.0,0.0,0.05,0.25,0.35,0.45,0.5,0.45,0.4
pi. Aqr,hrg,43.4811430197566,0.0,0.0,0.0,0.0,0.0,0.0,0.0,0.0,0.0,0.1,0.2,0.25,0.3,0.35,0.4,0.5
pi. Aqr,hrg,48.529832349710986,0.0,0.0,0.0,0.0,0.0,0.0,0.0,0.0,0.0,0.1,0.15,0.2,0.3,0.35,0.35,0.35
pi. Aqr,hrg,54.16473589070426,0.0,0.0,0.0,0.0,0.0,0.0,0.0,0.0,0.0,0.0,0.0,0.0,0.0,0.0,0.0,0.0
pi. Aqr,hrg,60.45392023958266,0.0,0.0,0.0,0.0,0.0,0.0,0.0,0.0,0.0,0.0,0.15,0.4,0.75,0.95,0.95,0.95
psi Per,hrg,0.8333333333333334,0.0,0.0,0.0,0.0,0.0,0.1,0.15,0.45,0.6,0.7,0.8,0.9,0.95,1.0,,
psi Per,hrg,0.9192621851698599,0.0,0.0,0.0,0.0,0.0,0.05,0.15,0.4,0.75,0.9,0.9,0.9,1.0,,,
psi Per,hrg,1.0140515580999188,0.0,0.0,0.0,0.0,0.0,0.0,0.1,0.35,0.8,1.0,,,,,,
psi Per,hrg,1.118615101408599,0.0,0.0,0.0,0.0,0.05,0.1,0.2,0.25,0.55,0.95,1.0,,,,,
psi Per,hrg,1.2339606749818477,0.0,0.0,0.0,0.0,0.0,0.05,0.1,0.45,0.8,0.95,1.0,,,,,
psi Per,hrg,1.361200063796986,0.0,0.0,0.0,0.0,0.0,0.05,0.15,0.4,0.8,0.8,0.9,1.0,,,,
psi Per,hrg,1.5015596941192442,0.0,0.0,0.0,0.0,0.0,0.0,0.15,0.45,0.8,0.9,0.9,0.95,1.0,,,
psi Per,hrg,1.6563924546948512,0.0,0.0,0.0,0.0,0.0,0.0,0.1,0.25,0.7,0.9,1.0,,,,,
psi Per,hrg,1.8271907368819884,0.0,0.0,0.0,0.0,0.0,0.05,0.25,0.5,0.9,1.0,,,,,,
psi Per,hrg,2.0156008194099155,0.0,0.0,0.0,0.0,0.0,0.0,0.1,0.45,0.55,0.7,0.8,0.9,0.95,1.0,,
psi Per,hrg,2.2234387364171027,0.0,0.0,0.0,0.0,0.0,0.0,0.1,0.45,0.75,0.95,1.0,,,,,
psi Per,hrg,2.452707781716118,0.0,0.0,0.0,0.0,0.0,0.0,0.2,0.55,0.85,0.9,0.95,0.95,1.0,,,
psi Per,hrg,2.7056178180041734,0.0,0.0,0.0,0.0,0.0,0.05,0.2,0.5,0.7,0.8,0.95,1.0,,,,
psi Per,hrg,2.9846065771356294,0.0,0.0,0.0,0.0,0.0,0.0,0.2,0.45,0.6,0.65,0.8,0.85,1.0,,,
psi Per,hrg,3.292363156764042,0.0,0.0,0.0,0.05,0.05,0.1,0.2,0.45,0.8,0.95,1.0,,,,,
psi Per,hrg,3.631853939831581,0.0,0.0,0.0,0.05,0.05,0.05,0.15,0.4,0.8,0.85,0.95,1.0,,,,
psi Per,hrg,4.006351186736812,0.0,0.0,0.0,0.0,0.0,0.0,0.05,0.2,0.45,0.65,0.75,0.85,0.95,1.0,,
psi Per,hrg,4.419464575773051,0.0,0.0,0.0,0.0,0.0,0.1,0.25,0.45,0.75,0.95,0.95,0.95,0.95,1.0,,
psi Per,hrg,4.8751759958471075,0.0,0.0,0.0,0.0,0.0,0.0,0.05,0.15,0.45,0.55,0.65,0.85,0.95,1.0,,
psi Per,hrg,5.377877926836072,0.0,0.0,0.0,0.0,0.0,0.0,0.05,0.2,0.45,0.55,0.75,0.9,1.0,,,
psi Per,hrg,5.9324157775201,0.0,0.0,0.0,0.0,0.0,0.0,0.1,0.3,0.5,0.65,0.7,0.85,0.9,1.0,,
psi Per,hrg,6.544134589175135,0.0,0.0,0.0,0.0,0.0,0.0,0.1,0.2,0.5,0.65,0.75,0.9,0.95,1.0,,
psi Per,hrg,7.218930554988958,0.0,0.0,0.0,0.0,0.0,0.0,0.1,0.2,0.4,0.6,0.85,0.95,1.0,,,
psi Per,hrg,7.963307851882342,0.0,0.0,0.0,0.0,0.0,0.0,0.15,0.2,0.45,0.55,0.7,0.8,0.95,1.0,,
psi Per,hrg,8.784441332521997,0.0,0.0,0.0,0.0,0.0,0.0,0.05,0.3,0.55,0.7,0.9,1.0,,,,
psi Per,hrg,9.690245681796727,0.0,0.0,0.0,0.0,0.0,0.0,0.05,0.1,0.55,0.7,0.85,0.95,0.95,1.0,,
psi Per,hrg,10.689451704337504,0.0,0.0,0.0,0.0,0.0,0.0,0.0,0.1,0.45,0.65,0.95,1.0,,,,
psi Per,hrg,11.791690478396372,0.0,0.0,0.0,0.0,0.0,0.0,0.05,0.35,0.55,0.75,0.9,0.9,0.9,0.9,0.95,0.95
psi Per,hrg,13.00758618722074,0.0,0.0,0.0,0.0,0.0,0.0,0.05,0.2,0.7,0.8,0.9,0.95,1.0,,,
psi Per,hrg,14.348858522699786,0.0,0.0,0.0,0.0,0.0,0.0,0.0,0.0,0.2,0.3,0.6,0.75,0.85,0.95,1.0,
psi Per,hrg,15.828435648324206,0.0,0.0,0.0,0.0,0.0,0.0,0.0,0.0,0.2,0.55,0.75,0.75,0.85,0.9,0.95,0.95
psi Per,hrg,17.460578810278818,0.0,0.0,0.0,0.0,0.0,0.0,0.0,0.05,0.2,0.45,0.6,0.8,0.9,0.95,1.0,
psi Per,hrg,19.261019797760948,0.0,0.0,0.0,0.0,0.0,0.0,0.0,0.2,0.25,0.35,0.4,0.5,0.65,0.7,0.85,1.0
psi Per,hrg,21.247112577467593,0.0,0.0,0.0,0.0,0.0,0.0,0.05,0.1,0.3,0.6,0.9,0.95,0.95,1.0,,
psi Per,hrg,23.438000563815443,0.0,0.0,0.0,0.0,0.0,0.0,0.05,0.15,0.5,0.65,0.9,1.0,,,,
psi Per,hrg,25.85480113716647,0.0,0.0,0.0,0.0,0.0,0.0,0.05,0.05,0.25,0.4,0.55,0.55,0.6,0.65,0.75,0.8
psi Per,hrg,28.52080918858059,0.0,0.0,0.0,0.0,0.0,0.0,0.0,0.05,0.3,0.55,0.75,0.85,0.9,1.0,,
psi Per,hrg,31.461721653008663,0.0,0.0,0.0,0.0,0.0,0.0,0.0,0.0,0.0,0.0,0.0,0.0,0.0,0.0,0.0,0.0
psi Per,hrg,34.705885195140766,0.0,0.0,0.0,0.0,0.0,0.0,0.0,0.05,0.2,0.3,0.55,0.85,0.9,0.9,1.0,
psi Per,hrg,38.28456943528727,0.0,0.0,0.0,0.0,0.0,0.0,0.05,0.05,0.2,0.5,0.7,0.75,1.0,,,
zet Tau,hrg,0.8333333333333334,0.0,0.0,0.0,0.0,0.05,0.1,0.45,0.65,0.85,0.95,1.0,,,,,
zet Tau,hrg,0.9206454252295135,0.0,0.0,0.0,0.0,0.05,0.05,0.35,0.6,0.85,0.9,0.95,0.95,1.0,,,
zet Tau,hrg,1.0171055987952382,0.0,0.0,0.0,0.0,0.05,0.15,0.45,0.7,1.0,,,,,,,
zet Tau,hrg,1.1236723398073931,0.0,0.0,0.0,0.05,0.15,0.25,0.9,0.95,1.0,,,,,,,
zet Tau,hrg,1.2414045589207439,0.0,0.0,0.0,0.0,0.0,0.0,0.35,0.75,0.95,1.0,,,,,,
zet Tau,hrg,1.3714721136353338,0.0,0.0,0.0,0.05,0.05,0.2,0.65,0.85,0.9,1.0,,,,,,
zet Tau,hrg,1.5151674326978657,0.0,0.0,0.0,0.0,0.05,0.15,0.6,0.7,0.85,0.9,0.95,1.0,,,,
zet Tau,hrg,1.6739183584440442,0.0,0.0,0.0,0.0,0.0,0.1,0.45,0.85,0.95,1.0,,,,,,
zet Tau,hrg,1.8493023346910473,0.0,0.0,0.0,0.0,0.1,0.2,0.65,0.85,0.95,0.95,0.95,0.95,1.0,,,
zet Tau,hrg,2.043062081159486,0.0,0.0,0.0,0.0,0.0,0.05,0.45,0.8,0.9,1.0,,,,,,
zet Tau,hrg,2.2571229101752435,0.0,0.0,0.0,0.0,0.0,0.1,0.35,0.7,0.95,0.95,0.95,1.0,,,,
zet Tau,hrg,2.493611857720277,0.0,0.0,0.0,0.05,0.05,0.15,0.6,0.9,0.95,0.95,1.0,,,,,
zet Tau,hrg,2.75487881892989,0.0,0.0,0.0,0.0,0.05,0.2,0.5,0.65,0.75,0.85,0.95,1.0,,,,
zet Tau,hrg,3.0435198980513865,0.0,0.0,0.0,0.0,0.05,0.15,0.75,0.8,0.9,0.95,1.0,,,,,
zet Tau,hrg,3.3624032048832047,0.0,0.0,0.0,0.0,0.0,0.2,0.55,0.75,0.75,0.9,1.0,,,,,
zet Tau,hrg,3.7146973540233326,0.0,0.0,0.0,0.0,0.05,0.1,0.5,0.75,0.8,0.9,1.0,,,,,
zet Tau,hrg,4.103902950112511,0.0,0.0,0.0,0.0,0.0,0.1,0.35,0.7,0.9,0.9,0.9,0.95,1.0,,,
zet Tau,hrg,4.533887371928385,0.0,0.0,0.0,0.0,0.0,0.2,0.6,0.85,0.9,0.95,1.0,,,,,
zet Tau,hrg,5.008923200966076,0.0,0.0,0.0,0.05,0.05,0.15,0.35,0.65,0.85,0.9,1.0,,,,,
zet Tau,hrg,5.533730676354466,0.0,0.0,0.0,0.0,0.0,0.0,0.25,0.45,0.8,0.85,0.95,1.0,,,,
zet Tau,hrg,6.1135245979655535,0.0,0.0,0.0,0.0,0.0,0.05,0.2,0.4,0.4,0.5,0.85,0.95,1.0,,,
zet Tau,hrg,6.754066143774104,0.0,0.0,0.0,0.0,0.05,0.05,0.1,0.25,0.45,0.45,0.75,0.85,1.0,,,
zet Tau,hrg,7.461720116355806,0.0,0.0,0.0,0.0,0.0,0.05,0.25,0.55,0.7,0.8,0.9,1.0,,,,
zet Tau,hrg,8.243518187359205,0.0,0.0,0.0,0.0,0.0,0.1,0.35,0.6,0.75,0.85,0.9,0.95,0.95,1.0,,
zet Tau,hrg,9.107228768386252,0.0,0.0,0.0,0.0,0.0,0.15,0.15,0.45,0.7,0.75,0.95,0.95,1.0,,,
zet Tau,hrg,10.061434202560099,0.0,0.0,0.0,0.0,0.05,0.15,0.5,0.7,0.9,0.9,1.0,,,,,
zet Tau,hrg,11.11561604380166,0.0,0.0,0.0,0.0,0.05,0.15,0.45,0.55,0.75,0.85,1.0,,,,,
zet Tau,hrg,12.280249271200537,0.0,0.0,0.0,0.0,0.0,0.1,0.15,0.35,0.7,0.9,1.0,,,,,
zet Tau,hrg,13.566906374650609,0.0,0.0,0.0,0.0,0.0,0.05,0.25,0.4,0.65,0.8,0.9,0.9,1.0,,,
zet Tau,hrg,14.988372346007047,0.0,0.0,0.0,0.0,0.0,0.0,0.2,0.4,0.6,0.8,0.95,1.0,,,,
zet Tau,hrg,16.558771718385533,0.0,0.0,0.0,0.0,0.05,0.1,0.3,0.6,0.8,0.95,1.0,,,,,
zet Tau,hrg,18.293708915941785,0.0,0.0,0.0,0.0,0.0,0.05,0.15,0.35,0.75,0.8,0.95,1.0,,,,
zet Tau,hrg,20.2104233087306,0.0,0.0,0.0,0.0,0.0,0.05,0.2,0.35,0.45,0.7,0.8,0.95,0.95,1.0,,
zet Tau,hrg,22.327960513361703,0.0,0.0,0.0,0.0,0.05,0.05,0.2,0.3,0.4,0.5,0.65,0.7,0.7,0.8,0.9,0.9
zet Tau,hrg,24.667361641598,0.0,0.0,0.0,0.0,0.0,0.05,0.3,0.35,0.55,0.55,0.6,0.75,0.9,0.9,0.95,1.0
zet Tau,hrg,27.25187237738303,0.0,0.0,0.0,0.0,0.0,0.05,0.2,0.5,0.65,0.75,0.95,1.0,,,,
zet Tau,hrg,30.107173959811472,0.0,0.0,0.0,0.0,0.0,0.0,0.0,0.0,0.0,0.0,0.0,0.0,0.0,0.0,0.0,0.0
zet Tau,hrg,33.26163836722748,0.0,0.0,0.0,0.0,0.0,0.0,0.0,0.0,0.0,0.0,0.0,0.0,0.0,0.0,0.0,0.0
zet Tau,hrg,36.74661023811173,0.0,0.0,0.0,0.0,0.0,0.0,0.1,0.35,0.6,0.7,0.95,1.0,,,,
zet Tau,hrg,40.596718330091484,0.0,0.0,0.0,0.0,0.0,0.0,0.25,0.45,0.5,0.7,0.9,0.95,1.0,,,
