grism,night,jd,n_frames,ew,ew_stat,ew_floor,ew_err,ew_box,ew_m10,ew_p10,cont_adu,warm
hrg,2025-02-26,2460733.883218171,1,38.09587237039539,0.6470298524041432,0.9079293399303778,1.114891616350459,38.2802958823506,35.73971543348893,38.189615018085206,2395.832867304818,0
hrg,2025-03-02,2460738.025928935,1,34.18020987326569,0.5069746914752906,0.9079293399303778,1.0398841397496539,34.122612554928295,32.858537233710734,34.33269160434415,2649.6400609602433,0
hrg,2025-03-09,2460744.9183748844,1,34.27089694358785,0.6861587146624673,0.9079293399303778,1.138046338254142,34.471862288844726,32.71160692806938,34.50829661221774,2772.78173427766,0
hrg,2025-03-19,2460754.942224537,1,28.288205404735212,0.5920188120899692,0.9079293399303778,1.083892042675298,27.673393054219446,26.853765550605715,28.113258165626327,4116.428005291074,0
hrg,2025-03-21,2460756.910741551,1,27.049430537453016,0.6200009486709698,0.9079293399303778,1.0994256967432197,27.06933218452507,25.210005382739432,26.195335314382127,3644.1796445407654,0
hrg,2025-03-22,2460757.8695274307,1,25.143856138231584,0.5550844754997027,0.9079293399303778,1.0641684365020379,24.952912706845762,24.03035030464251,25.5768662036675,4047.2590272874795,0
hrg,2025-03-24,2460759.932413426,2,26.358172049039776,0.36212379267770134,0.9079293399303778,0.9774811136434782,26.60519772887667,25.087993890248626,26.811601143764754,4387.879427236235,0
hrg,2025-03-26,2460761.8368167826,1,26.644177817369616,0.7044353058637239,0.9079293399303778,1.1491582947765422,26.34178459197532,24.33784249988048,27.54080573814492,2422.578659107976,0
hrg,2025-03-27,2460763.012080961,2,24.60084536813683,0.3974043804468845,0.9079293399303778,0.9910932992936556,24.707552996420684,23.30471199797586,24.858733537592173,3016.9564356165993,0
hrg,2025-04-08,2460774.8429614003,2,27.887352513673868,0.43912314864070184,0.9079293399303778,1.0085458968130978,27.67550811087414,26.208438479180412,27.985719585917728,2892.43350310418,0
hrg,2025-04-09,2460775.8507152777,3,29.22704700066524,0.3671156258363362,0.9079293399303778,0.9793413955509164,29.170979189651792,27.187043928203675,29.588477512561877,2604.2366731531333,0
hrg,2025-04-10,2460776.880630671,2,30.693188205126244,0.48117588847213694,0.9079293399303778,1.027553366961231,30.8971836649604,28.693382245967403,31.69399429803837,2234.848192401841,0
hrg,2025-04-16,2460782.842805903,1,22.646316374073532,0.5775996691067841,0.9079293399303778,1.0760841342844332,22.93526263829001,21.411609276223334,22.072286958805183,3429.4672758871952,1
hrg,2025-04-19,2460785.8933061343,2,22.52702073329071,0.36839799932743195,0.9079293399303778,0.9798228269513148,22.710432864226284,21.114430448987697,22.5781577879819,3824.065017825519,0
hrg,2025-04-20,2460786.8911519097,2,25.027710714086222,0.3882233977066049,0.9079293399303778,0.9874477671417726,25.111605795589462,23.9918130438295,24.908071262499554,3556.4936078320643,0
hrg,2025-04-24,2460790.9185539354,2,23.52889236592917,0.40652341601592157,0.9079293399303778,0.9947848883430356,23.585441679147998,22.28020343876939,23.439767766953004,3562.0573758887485,0
hrg,2025-04-25,2460791.8159417245,2,22.85047583875912,0.42749795865535045,0.9079293399303778,1.003538833808091,22.748046432663465,21.402585071408524,22.722792272748084,3555.4361544330523,0
hrg,2025-04-27,2460793.689314236,2,22.348913464688053,0.4202439247633272,0.9079293399303778,1.0004702107543717,22.12745175028706,20.70093179345472,22.034571963019168,3356.841916660457,0
hrg,2025-04-28,2460794.6893119216,2,23.056080532569652,0.3927606386468371,0.9079293399303778,0.9892404184912195,23.119849457248513,21.718307961076164,23.237023912350544,3344.8529992257077,0
hrg,2025-04-30,2460796.8701847224,1,24.996117449648228,0.6056188117206753,0.9079293399303778,1.0913797833093548,25.257646683141225,23.723212330464314,24.29204737854307,2151.722053744194,0
hrg,2025-05-02,2460798.9731345484,2,24.454174792664634,0.3886438257966846,0.9079293399303778,0.9876131376385672,24.346803748804767,23.159908494700257,24.176271353101754,3158.3557402158413,0
hrg,2025-05-03,2460799.803815683,2,24.0785442904836,0.4140219985329189,0.9079293399303778,0.9978726880597564,23.96140040821488,22.658805500363123,23.899044931393007,3126.6914015883726,0
hrg,2025-05-06,2460802.806425752,2,29.873632752166777,0.45215146797832295,0.9079293399303778,1.014286269403941,29.743777285010196,28.49352730088947,29.9293238695163,3171.032424897823,0
hrg,2025-05-08,2460804.8053261572,2,33.57740809257015,0.47964757867657676,0.9079293399303778,1.0268385881124231,33.42778500379838,31.32484298830565,32.745707902569734,3163.929414742901,0
hrg,2025-05-09,2460805.8608304397,1,31.584451478047267,0.5836160691834928,0.9079293399303778,1.079325438649346,31.275658534555994,30.581935654198894,30.79791490917413,3053.99951183221,0
hrg,2025-05-14,2460810.865882465,2,30.584852444049897,0.46093205830205647,0.9079293399303778,1.0182308425288353,30.751324212345295,29.031413607036,29.927592882532544,2974.9697260242947,0
hrg,2025-05-22,2460818.955611921,2,24.689993642025993,0.37560418778629706,0.9079293399303778,0.9825549308761397,24.291594480360317,23.869924419330985,24.806797636047243,2186.2003303283736,0
hrg,2025-05-25,2460821.814929572,2,26.22130406625319,0.4228656456060993,0.9079293399303778,1.0015742810896628,25.879798068731453,24.622599226870513,25.908236810537524,2990.361291981656,1
hrg,2025-05-26,2460822.8155766204,2,27.5491296420376,0.44483579463553186,0.9079293399303778,1.0110462751503695,27.326589240755084,26.7905166189734,27.140638186739857,2828.0509636532533,1
hrg,2025-05-27,2460823.8160800347,2,26.660289140620534,0.4318194822581889,0.9079293399303778,1.0053873639369761,26.1970116291139,25.739753158794706,26.168831822736244,2685.639650333699,1
hrg,2025-05-28,2460824.7763034143,2,27.395384251875935,0.4266982955898934,0.9079293399303778,1.0031984458549223,27.49534917443455,26.545530942355576,27.365756884281147,2447.94513450651,1
hrg,2025-06-03,2460830.6788979745,2,28.109491178917278,0.4626168059612321,0.9079293399303778,1.0189946003115933,27.638796047561975,26.71418619901586,28.093963058537156,2574.297584325224,1
hrg,2025-06-04,2460831.6546425926,2,29.120416492081603,0.46756464403003023,0.9079293399303778,1.0212504015437842,28.893430109142205,27.839981454852772,28.693520724818505,2570.800907292102,1
hrg,2025-06-05,2460832.6558462963,2,27.73913542581502,0.4795282290959856,0.9079293399303778,1.0267828440358475,30.841972716379058,25.756492176408962,27.621105565535743,1920.656365127701,1
hrg,2025-06-06,2460833.6556237265,2,29.464670152446498,0.490862311337417,0.9079293399303778,1.0321247477887172,29.284744167439037,27.749600249422322,28.909992819769677,2756.986963110095,1
hrg,2025-06-07,2460834.6788983215,2,27.01215821075996,0.47770486390788064,0.9079293399303778,1.0259325627484774,26.839427645764673,25.124652909089715,26.500191908032626,2665.5709645705374,1
hrg,2025-06-08,2460835.6788958334,2,26.844329802925216,0.4959075076199507,0.9079293399303778,1.03453368356001,26.01318940047987,25.048962475537373,26.186647427549136,2642.6518700173565,1
hrg,2025-06-09,2460836.67890816,2,25.724688652574834,0.4902718327081394,0.9079293399303778,1.0318440561700248,25.58629850813734,24.5960829455154,25.36912435535927,2611.9276431124435,1
hrg,2025-06-11,2460838.6572497105,2,25.561851079341267,0.48677561302020705,0.9079293399303778,1.0301874507766098,25.477145725172512,24.159642308829387,24.86231721054078,2657.104172047998,1
lrg,2025-02-20,2460728.0395297837,3,34.261715701132495,0.39677078634980584,2.95565180870714,2.9821644272599106,34.41637265554645,32.64023866802513,35.634411746654926,9317.293678929429,0
lrg,2025-02-26,2460733.874479668,3,38.292783010661964,0.5232509764900263,2.95565180870714,3.0016111005111163,38.26805090071078,35.96074086358271,38.774501347647565,8814.34436419881,0
lrg,2025-02-27,2460735.034288889,3,33.32393445857026,0.39690067098360166,2.95565180870714,2.982181710919209,33.40092915428447,30.012415573777798,35.2363002263181,23235.625749185027,0
lrg,2025-03-09,2460744.913937269,2,33.15682756483735,0.4673345808574408,2.95565180870714,2.9923701684081445,33.009953237118914,31.10673818828967,33.22875194143666,12705.604094754146,0
lrg,2025-03-19,2460754.9377799192,2,25.170360857381432,0.5503665743666342,2.95565180870714,3.0064565489116672,25.444873422036892,23.70218673960313,26.96135425257214,26315.256856517197,0
lrg,2025-03-21,2460756.9063006947,2,25.68854360918636,0.6517166349239063,2.95565180870714,3.0266503244594225,25.719727045462278,23.41809854617815,25.918036418117268,16926.983996888597,0
lrg,2025-03-22,2460757.8636443284,3,22.14013223845745,0.4164036788427757,2.95565180870714,2.984839968585851,21.943734863953804,19.52499934081526,23.3664736262216,26564.81100519905,0
lrg,2025-03-24,2460759.9250802468,3,24.253834924492526,0.3817497795467469,2.95565180870714,2.9802030985316716,24.193587213278516,21.681351618106646,25.179217118126232,26384.98742074298,0
lrg,2025-03-26,2460761.831702546,2,26.17802115049159,0.5982208191035172,2.95565180870714,3.015583817890438,26.192601271139196,25.796493896209853,27.593751926451226,6844.6783181870105,0
lrg,2025-03-27,2460763.004309722,3,24.39168896572519,0.5247939542017568,2.95565180870714,3.0018804620904715,24.504600074636894,23.470872348703356,25.33207311957474,12369.791391348002,0
lrg,2025-04-07,2460773.8439574847,3,22.19584850423336,0.4164884589970032,2.95565180870714,2.9848517971235164,22.296869436186245,20.429892466804244,22.763276333833744,22512.333371387795,0
lrg,2025-04-08,2460774.8356391587,3,28.069442535921485,0.5082180334512177,2.95565180870714,2.9990270395311227,27.87217955012352,27.55561612676607,28.93324323697922,9779.651499336867,0
lrg,2025-04-09,2460775.839535851,4,28.490056658823715,0.5146559476749788,2.95565180870714,3.0001247238724957,28.60334002289165,28.442699434190544,29.56439117236635,7859.907193387558,0
lrg,2025-04-10,2460776.874739236,2,31.409647560434408,0.7692917269619906,2.95565180870714,3.0541262867612318,30.821651763316556,30.843578646408446,32.72149928249655,6489.394819821557,0
lrg,2025-04-16,2460782.8383740163,2,22.10949363156087,0.4440682470169718,2.95565180870714,2.9888248898726926,21.9871000948606,21.199611850284718,23.005256428308385,15133.460861818428,1
lrg,2025-04-19,2460785.8859756947,3,20.706291683503228,0.3482783358570425,2.95565180870714,2.9761007062162967,20.58602094169843,18.88962183683675,22.023745001549855,23975.996421270465,0
lrg,2025-04-20,2460786.8838331015,3,23.981452126795205,0.39542314094809944,2.95565180870714,2.9819854249662336,23.758910411971346,21.439116729379624,25.39326696437509,18745.58058317414,0
lrg,2025-04-24,2460790.9112239582,3,20.328325644052807,0.39048056207746845,2.95565180870714,2.9813340442952923,20.165840354211657,17.897423301903295,21.71263921645074,22817.197944269956,0
lrg,2025-04-25,2460791.8078097804,2,18.985798073675774,0.5580909890059844,2.95565180870714,3.0078801781858706,18.947605391246384,17.371213111743486,20.65788067625428,25164.64516724136,0
lrg,2025-04-27,2460793.68031956,3,19.67499141212292,0.3925631336961507,2.95565180870714,2.981607524180728,19.68028171364394,18.121609885161906,20.666571678164512,23077.70612173633,0
lrg,2025-04-28,2460794.6800898532,3,20.917745507997214,0.3414364945960173,2.95565180870714,2.9753077982211864,20.79659279175571,18.603420156642624,21.81023377695061,22664.850079321775,0
lrg,2025-04-30,2460796.859796759,3,22.667288694542556,0.5130701054953287,2.95565180870714,2.999853087647256,22.643484055329036,20.067116910605623,23.32582424134466,8663.409755034105,0
lrg,2025-05-02,2460798.9645028934,1,22.43420614918574,0.7841484090469096,2.95565180870714,3.057902277988063,22.2453656095448,20.341145197952336,23.392738617159722,21957.80957080454,0
lrg,2025-05-03,2460799.796911111,2,20.73288040651434,0.49833949966817137,2.95565180870714,2.997368824693303,20.645995010588386,18.408456125587684,22.159560628263904,22086.510097331127,0
lrg,2025-05-06,2460802.7988778935,2,27.36284105144521,0.5165745949316337,2.95565180870714,3.0004544533191253,27.20182106682978,23.471159941190532,28.423439738476045,21928.765727560847,0
lrg,2025-05-08,2460804.8001185185,1,28.829573439353037,0.7491769197981798,2.95565180870714,3.0491217869203053,28.406577515946488,25.508468730161027,30.908446658909103,22440.83330595071,0
lrg,2025-05-09,2460805.8556811344,2,27.452099932975962,0.5539474880920572,2.95565180870714,3.0071141371549714,26.922608127781146,24.466590036018207,28.633198509279147,21134.14736155422,0
lrg,2025-05-10,2460806.801700347,2,27.712968501240386,0.5014362397899367,2.95565180870714,2.997885240780317,27.205969685979085,24.1941615411573,28.890638243850475,20441.113254451644,0
lrg,2025-05-14,2460810.858776852,2,27.201073553286875,0.5139541042628077,2.95565180870714,3.0000044059304933,27.212558378440995,24.829859446738,29.117359096993304,20642.75982011472,0
lrg,2025-05-22,2460818.9497182295,2,23.15633812832215,0.46457179532244874,2.95565180870714,2.9919399337758956,23.097324179257484,20.500492997248582,23.95132057963821,12420.00891064588,0
lrg,2025-05-24,2460820.7989362846,2,23.701049583079033,0.6730575098755041,2.95565180870714,3.0313172097148793,23.005906093030276,20.615907487279284,23.33035117176941,5340.534370857013,1
lrg,2025-05-25,2460821.8054317515,3,23.025535874035484,0.3732425315680447,2.95565180870714,2.979125308154243,22.91405402393193,20.29801893152631,23.70397806559875,21086.6679804113,1
lrg,2025-05-26,2460822.8033457175,1,23.710704269852165,0.6757159162365448,2.95565180870714,3.0319085760901796,23.5824419580289,21.378894173809776,25.010997937745916,20080.622117206596,1
lrg,2025-05-27,2460823.8084331015,2,24.344335602795773,0.5603512490923532,2.95565180870714,3.008300373412394,24.1508497752872,20.698325198635562,24.759015708254267,19030.312768015254,1
lrg,2025-05-28,2460824.769260127,2,24.113074140464906,0.466839647934975,2.95565180870714,2.99229291199873,23.85891259044696,22.125889250988603,26.26099303984457,17608.444436566984,1
lrg,2025-06-03,2460830.6696753087,3,25.992391101966827,0.4649022561514276,2.95565180870714,2.9919912637052395,25.706936874153868,23.089261484632786,26.30099151383023,17704.68122371322,1
lrg,2025-06-04,2460831.6477340856,2,25.752214966740837,0.557501573920792,2.95565180870714,3.007770872130713,25.575928749349536,23.522428716743256,26.8057966058866,18008.62617778127,1
lrg,2025-06-05,2460832.6470774887,2,27.622007054678065,0.61990913709901,2.95565180870714,3.0199610846122877,28.004432866849157,25.849261220662328,28.09289947540816,6893.229634784766,1
lrg,2025-06-06,2460833.648596007,2,25.90649048530384,0.5665363066016665,2.95565180870714,3.009458589349859,25.71113735852485,23.814369946685215,27.144566528229618,19142.8819300756,1
lrg,2025-06-07,2460834.66966223,3,23.274547366613366,0.44245862360066707,2.95565180870714,2.9885861620358853,23.08645532485797,21.56950857580405,24.29121997276751,18598.344790546555,1
lrg,2025-06-08,2460835.669759529,3,23.734045886584106,0.46169752787034113,2.95565180870714,2.9914949810346285,23.37604252180988,20.887734549734457,24.085908181977516,18220.404522657875,1
lrg,2025-06-09,2460836.6697487654,3,23.326824997155107,0.3441797684134023,2.95565180870714,2.975623855143471,23.156634755589163,21.2847668717036,24.649812245619938,18379.9461458275,1
lrg,2025-06-11,2460838.6501337383,2,22.229658624667106,0.47438558333282393,2.95565180870714,2.9934794630977195,22.140541843001095,19.57373563954954,23.45624506539095,18506.942304704156,1
lrg,2025-06-13,2460840.6491988427,1,23.552742374487494,0.8009206852295802,2.95565180870714,3.062246162270827,23.389122364186335,20.59163590113813,24.678673664144394,19816.48766795116,1
