file,raw_path,grism,night,jd_start,bjd_tdb,exptime_s,ew_A,ew_err_A,ew_box_A,temp_group,lsf_fwhm_A
tcrb_lrg_ext_T_CrB_lrg_240s_2025-02-21T12-52-45.fits,rawimage/2025-02-21/ext_T_CrB_lrg_240s_2025-02-21T12-52-45.fts.fz,lrg,2025-02-20,2460728.0366335646,2460728.0397369224,240.0,34.98607147093023,0.589279296395698,34.70069375631251,cold,10.089934113246487
tcrb_lrg_ext_T_CrB_lrg_240s_2025-02-21T12-56-45.fits,rawimage/2025-02-21/ext_T_CrB_lrg_240s_2025-02-21T12-56-45.fts.fz,lrg,2025-02-20,2460728.0395302083,2460728.0426337663,240.0,33.33756378715414,0.8020277680000443,34.40620358027029,cold,10.591297546477774
tcrb_lrg_ext_T_CrB_lrg_240s_2025-02-21T13-00-45.fits,rawimage/2025-02-21/ext_T_CrB_lrg_240s_2025-02-21T13-00-45.fts.fz,lrg,2025-02-20,2460728.042425579,2460728.0455293343,240.0,33.93255544697111,0.7158711127182958,34.14222063005657,cold,10.06794071398219
tcrb_lrg_ext_T_CrB_lrg_240s_2025-02-27T08-55-06.fits,rawimage/2025-02-27/ext_T_CrB_lrg_240s_2025-02-27T08-55-06.fts.fz,lrg,2025-02-26,2460733.871597222,2460733.875098846,240.0,38.65642160889311,0.9160678003829005,38.6554928894016,cold,15.271827741931025
tcrb_lrg_ext_T_CrB_lrg_240s_2025-02-27T08-59-11.fits,rawimage/2025-02-27/ext_T_CrB_lrg_240s_2025-02-27T08-59-11.fts.fz,lrg,2025-02-26,2460733.874480324,2460733.8779821442,240.0,38.35184433440686,0.8114423751911239,38.037739717289,cold,15.902379088053873
tcrb_lrg_ext_T_CrB_lrg_240s_2025-02-27T09-03-17.fits,rawimage/2025-02-27/ext_T_CrB_lrg_240s_2025-02-27T09-03-17.fts.fz,lrg,2025-02-26,2460733.8773614583,2460733.8808634756,240.0,37.7582085901591,1.0132753820488496,38.110920095441735,cold,17.135133522720277
tcrb_hrg_ext_T_CrB_hrg_240s_2025-02-27T09-11-36.fits,rawimage/2025-02-27/ext_T_CrB_hrg_240s_2025-02-27T09-11-36.fts.fz,hrg,2025-02-26,2460733.883218171,2460733.886720588,240.0,38.09587237039539,0.6453815070021801,38.2802958823506,cold,2.7233594144354774
tcrb_lrg_ext_T_CrB_lrg_240s_2025-02-28T12-26-23.fits,rawimage/2025-02-28/ext_T_CrB_lrg_240s_2025-02-28T12-26-23.fts.fz,lrg,2025-02-27,2460735.0313975695,2460735.0349770146,240.0,33.26009577844436,0.6267339963326827,33.174920678599406,cold,12.3214660905774
tcrb_lrg_ext_T_CrB_lrg_240s_2025-02-28T12-30-28.fits,rawimage/2025-02-28/ext_T_CrB_lrg_240s_2025-02-28T12-30-28.fts.fz,lrg,2025-02-27,2460735.0342894676,2460735.037869106,240.0,32.316999187533106,0.7363869122888382,32.53892367480735,cold,13.144851688168849
tcrb_lrg_ext_T_CrB_lrg_240s_2025-02-28T12-34-34.fits,rawimage/2025-02-28/ext_T_CrB_lrg_240s_2025-02-28T12-34-34.fts.fz,lrg,2025-02-27,2460735.03717963,2460735.040759462,240.0,34.34409983497523,0.7108964127519071,34.48894310944665,cold,12.066175857859632
tcrb_hrg_ext_T_CrB_hrg_240s_2025-03-03T12-20-38.fits,rawimage/2025-03-03/ext_T_CrB_hrg_240s_2025-03-03T12-20-38.fts.fz,hrg,2025-03-02,2460738.025928935,2460738.029706039,240.0,34.18020987326569,0.5036250360519603,34.122612554928295,cold,
tcrb_lrg_ext_T_CrB_lrg_240s_2025-03-10T09-35-38.fits,rawimage/2025-03-10/ext_T_CrB_lrg_240s_2025-03-10T09-35-38.fts.fz,lrg,2025-03-09,2460744.9124921295,2460744.9138007085,240.0,33.14560309920008,0.7242159737688315,32.89199825084605,cold,17.26399115128116
tcrb_lrg_ext_T_CrB_lrg_240s_2025-03-10T09-39-43.fits,rawimage/2025-03-10/ext_T_CrB_lrg_240s_2025-03-10T09-39-43.fts.fz,lrg,2025-03-09,2460744.9153824076,2460744.9166908045,240.0,33.16465839750717,0.608627908363233,33.12790822339178,cold,18.015857070662978
tcrb_hrg_ext_T_CrB_hrg_240s_2025-03-10T09-43-57.fits,rawimage/2025-03-10/ext_T_CrB_hrg_240s_2025-03-10T09-43-57.fts.fz,hrg,2025-03-09,2460744.9183748844,2460744.9196830927,240.0,34.27089694358785,0.6848897732956231,34.471862288844726,cold,3.013243054101816
tcrb_lrg_ext_T_CrB_lrg_240s_2025-03-11T09-40-38.fits,rawimage/2025-03-11/ext_T_CrB_lrg_240s_2025-03-11T09-40-38.fts.fz,lrg,2025-03-10,2460745.9173971065,2460745.919526173,240.0,31.216261650252466,0.9203091514362431,30.658735506592304,cold,11.78284978461079
tcrb_hrg_ext_T_CrB_hrg_240s_2025-03-11T09-48-57.fits,rawimage/2025-03-11/ext_T_CrB_hrg_240s_2025-03-11T09-48-57.fts.fz,hrg,2025-03-10,2460745.920400347,2460745.9225291824,240.0,32.957823489780125,0.6332277707850856,32.64749069252574,cold,2.1631425730332103
tcrb_lrg_ext_T_CrB_lrg_240s_2025-03-20T10-28-19.fits,rawimage/2025-03-20/ext_T_CrB_lrg_240s_2025-03-20T10-28-19.fts.fz,lrg,2025-03-19,2460754.9363311343,2460754.941131822,240.0,25.060375883042894,0.739156631271412,25.32218743042495,cold,12.883746636361469
tcrb_lrg_ext_T_CrB_lrg_240s_2025-03-20T10-32-24.fits,rawimage/2025-03-20/ext_T_CrB_lrg_240s_2025-03-20T10-32-24.fts.fz,lrg,2025-03-19,2460754.9392287037,2460754.944029551,240.0,25.306609260617073,0.8225250504082741,25.56755941364883,cold,13.782793868703486
tcrb_hrg_ext_T_CrB_hrg_240s_2025-03-20T10-36-38.fits,rawimage/2025-03-20/ext_T_CrB_hrg_240s_2025-03-20T10-36-38.fts.fz,hrg,2025-03-19,2460754.942224537,2460754.947025555,240.0,28.28820540473521,0.5916199462255022,27.673393054219446,cold,2.507907539353621
tcrb_lrg_ext_T_CrB_lrg_240s_2025-03-22T09-38-01.fits,rawimage/2025-03-22/ext_T_CrB_lrg_240s_2025-03-22T09-38-01.fts.fz,lrg,2025-03-21,2460756.904855324,2460756.909762402,240.0,25.721892189576884,0.9687527323629469,25.697285806385608,cold,10.313046032055631
tcrb_lrg_ext_T_CrB_lrg_240s_2025-03-22T09-42-06.fits,rawimage/2025-03-22/ext_T_CrB_lrg_240s_2025-03-22T09-42-06.fts.fz,lrg,2025-03-21,2460756.907746065,2460756.9126532986,240.0,25.661144620342867,0.8776423540372628,25.742168284538945,cold,10.558567417484223
tcrb_hrg_ext_T_CrB_hrg_240s_2025-03-22T09-46-20.fits,rawimage/2025-03-22/ext_T_CrB_hrg_240s_2025-03-22T09-46-20.fts.fz,hrg,2025-03-21,2460756.910741551,2460756.915648945,240.0,27.049430537453013,0.6194359543967622,27.06933218452507,cold,1.7885158129154348
tcrb_lrg_ext_T_CrB_lrg_240s_2025-03-23T08-35-29.fits,rawimage/2025-03-23/ext_T_CrB_lrg_240s_2025-03-23T08-35-29.fts.fz,lrg,2025-03-22,2460757.8607546296,2460757.8657122394,240.0,21.366147028206264,0.7847830962754563,21.227057937877746,cold,13.407135955098354
tcrb_lrg_ext_T_CrB_lrg_240s_2025-03-23T08-39-34.fits,rawimage/2025-03-23/ext_T_CrB_lrg_240s_2025-03-23T08-39-34.fts.fz,lrg,2025-03-22,2460757.8636447918,2460757.8686025627,240.0,21.874705199547627,0.6566580413913852,21.63632293864059,cold,14.546883623801774
tcrb_lrg_ext_T_CrB_lrg_240s_2025-03-23T08-43-40.fits,rawimage/2025-03-23/ext_T_CrB_lrg_240s_2025-03-23T08-43-40.fts.fz,lrg,2025-03-22,2460757.866533565,2460757.8714914895,240.0,23.164424207794248,0.7382006563689288,22.967823715343073,cold,13.865244424052428
tcrb_hrg_ext_T_CrB_hrg_240s_2025-03-23T08-47-53.fits,rawimage/2025-03-23/ext_T_CrB_hrg_240s_2025-03-23T08-47-53.fts.fz,hrg,2025-03-22,2460757.8695274307,2460757.8744855006,240.0,25.143856138231584,0.5547647995869837,24.952912706845762,cold,2.394160280333236
tcrb_hrg_ext_T_CrB_hrg_240s_2025-03-23T08-51-59.fits,rawimage/2025-03-23/ext_T_CrB_hrg_240s_2025-03-23T08-51-59.fts.fz,hrg,2025-03-22,2460757.873844213,2460757.8788025193,240.0,25.086070310107132,0.523484243986958,24.877079195957467,cold,1.9848334631235627
tcrb_lrg_ext_T_CrB_lrg_240s_2025-03-25T10-03-01.fits,rawimage/2025-03-25/ext_T_CrB_lrg_240s_2025-03-25T10-03-01.fts.fz,lrg,2025-03-24,2460759.922191551,2460759.927255675,240.0,24.566058553978365,0.6825767499097762,24.575512751855562,cold,14.6018859764707
tcrb_lrg_ext_T_CrB_lrg_240s_2025-03-25T10-07-06.fits,rawimage/2025-03-25/ext_T_CrB_lrg_240s_2025-03-25T10-07-06.fts.fz,lrg,2025-03-24,2460759.9250792824,2460759.930143554,240.0,23.702512179925648,0.6858699339653604,23.62600575259495,cold,15.037348552159377
tcrb_lrg_ext_T_CrB_lrg_240s_2025-03-25T10-11-12.fits,rawimage/2025-03-25/ext_T_CrB_lrg_240s_2025-03-25T10-11-12.fts.fz,lrg,2025-03-24,2460759.9279699074,2460759.933034327,240.0,24.447645559078172,0.6208023216059966,24.379243135385032,cold,14.093289316822053
tcrb_hrg_ext_T_CrB_hrg_240s_2025-03-25T10-15-25.fits,rawimage/2025-03-25/ext_T_CrB_hrg_240s_2025-03-25T10-15-25.fts.fz,hrg,2025-03-24,2460759.930968287,2460759.936032859,240.0,26.3236705159935,0.5366501572230516,26.494263539395753,cold,2.759840185795708
tcrb_hrg_ext_T_CrB_hrg_240s_2025-03-25T10-19-31.fits,rawimage/2025-03-25/ext_T_CrB_hrg_240s_2025-03-25T10-19-31.fts.fz,hrg,2025-03-24,2460759.933858565,2460759.938923285,240.0,26.386982194850464,0.49036933590750803,26.71613191835759,cold,2.7856023136817507
tcrb_lrg_ext_T_CrB_lrg_240s_2025-03-27T07-54-36.fits,rawimage/2025-03-27/ext_T_CrB_lrg_240s_2025-03-27T07-54-36.fts.fz,lrg,2025-03-26,2460761.8295836807,2460761.8347430597,240.0,26.3417228836557,0.7713140845421576,26.6416083683645,cold,13.356886965156678
tcrb_lrg_ext_T_CrB_lrg_240s_2025-03-27T07-58-41.fits,rawimage/2025-03-27/ext_T_CrB_lrg_240s_2025-03-27T07-58-41.fts.fz,lrg,2025-03-26,2460761.833821412,2460761.838981003,240.0,25.95055664489803,0.9178499105882973,25.743594173913895,cold,15.63042941456637
tcrb_hrg_ext_T_CrB_hrg_240s_2025-03-27T08-02-55.fits,rawimage/2025-03-27/ext_T_CrB_hrg_240s_2025-03-27T08-02-55.fts.fz,hrg,2025-03-26,2460761.8368167826,2460761.8419765313,240.0,26.644177817369616,0.7037490345973535,26.34178459197532,cold,2.356670800507851
tcrb_lrg_ext_T_CrB_lrg_240s_2025-03-28T11-50-01.fits,rawimage/2025-03-28/ext_T_CrB_lrg_240s_2025-03-28T11-50-01.fts.fz,lrg,2025-03-27,2460763.000540972,2460763.005757342,240.0,23.84388069701658,1.0543913354547123,24.10837743438612,cold,11.706271746776034
tcrb_lrg_ext_T_CrB_lrg_240s_2025-03-28T11-54-06.fits,rawimage/2025-03-28/ext_T_CrB_lrg_240s_2025-03-28T11-54-06.fts.fz,lrg,2025-03-27,2460763.004749074,2460763.009965654,240.0,25.252057349981627,0.8608915271836364,25.06644638266614,cold,10.66761558976748
tcrb_lrg_ext_T_CrB_lrg_240s_2025-03-28T11-58-12.fits,rawimage/2025-03-28/ext_T_CrB_lrg_240s_2025-03-28T11-58-12.fts.fz,lrg,2025-03-27,2460763.0076391203,2460763.012855829,240.0,23.913327798815065,0.8476517230894911,24.33897640685842,cold,11.023821760396629
tcrb_hrg_ext_T_CrB_hrg_240s_2025-03-28T12-02-25.fits,rawimage/2025-03-28/ext_T_CrB_hrg_240s_2025-03-28T12-02-25.fts.fz,hrg,2025-03-27,2460763.0106354165,2460763.0158522683,240.0,24.778286695219908,0.5399158761572947,24.716620079110385,cold,2.01594610233755
tcrb_hrg_ext_T_CrB_hrg_240s_2025-03-28T12-06-31.fits,rawimage/2025-03-28/ext_T_CrB_hrg_240s_2025-03-28T12-06-31.fts.fz,hrg,2025-03-27,2460763.013526505,2460763.0187434945,240.0,24.392050287983594,0.5858236791781684,24.698485913730984,cold,2.044560389020945
tcrb_lrg_ext_T_CrB_lrg_240s_2025-04-08T08-11-08.fits,rawimage/2025-04-08/ext_T_CrB_lrg_240s_2025-04-08T08-11-08.fts.fz,lrg,2025-04-07,2460773.8410658566,,240.0,22.08674752094973,0.6755307699017669,21.81090619218908,cold,12.225449240980671
tcrb_lrg_ext_T_CrB_lrg_240s_2025-04-08T08-15-13.fits,rawimage/2025-04-08/ext_T_CrB_lrg_240s_2025-04-08T08-15-13.fts.fz,lrg,2025-04-07,2460773.8439582177,,240.0,22.780785346837398,0.7721761448177124,22.906791083901112,cold,12.053263960469227
tcrb_lrg_ext_T_CrB_lrg_240s_2025-04-08T08-19-19.fits,rawimage/2025-04-08/ext_T_CrB_lrg_240s_2025-04-08T08-19-19.fts.fz,lrg,2025-04-07,2460773.84684838,,240.0,21.806489833436892,0.7248683079568974,22.17291103246854,cold,12.76090973419674
tcrb_hrg_ext_T_CrB_hrg_240s_2025-04-08T08-23-32.fits,rawimage/2025-04-08/ext_T_CrB_hrg_240s_2025-04-08T08-23-32.fts.fz,hrg,2025-04-07,2460773.851050463,,240.0,23.94300447516766,0.5658199189947453,24.040595055406065,cold,1.7297662752554885
tcrb_hrg_ext_T_CrB_hrg_240s_2025-04-08T08-27-38.fits,rawimage/2025-04-08/ext_T_CrB_hrg_240s_2025-04-08T08-27-38.fts.fz,hrg,2025-04-07,2460773.853942361,,240.0,24.77533366281954,0.6357009195312202,25.12120569539561,cold,2.0946714391750407
tcrb_lrg_ext_T_CrB_lrg_240s_2025-04-09T07-59-09.fits,rawimage/2025-04-09/ext_T_CrB_lrg_240s_2025-04-09T07-59-09.fts.fz,lrg,2025-04-08,2460774.832747454,2460774.838466427,240.0,27.82974407565022,0.8222988929837285,27.52061014955386,cold,15.162407354072156
tcrb_lrg_ext_T_CrB_lrg_240s_2025-04-09T08-03-14.fits,rawimage/2025-04-09/ext_T_CrB_lrg_240s_2025-04-09T08-03-14.fts.fz,lrg,2025-04-08,2460774.835638426,2460774.8413575063,240.0,28.235698971764766,0.9033317656536377,28.248897234918083,cold,13.774561223283127
tcrb_lrg_ext_T_CrB_lrg_240s_2025-04-09T08-07-20.fits,rawimage/2025-04-09/ext_T_CrB_lrg_240s_2025-04-09T08-07-20.fts.fz,lrg,2025-04-08,2460774.838531597,2460774.8442507857,240.0,28.194377838405384,0.9151376720243195,27.847031265898618,cold,14.286485040490195
tcrb_hrg_ext_T_CrB_hrg_240s_2025-04-09T08-11-33.fits,rawimage/2025-04-09/ext_T_CrB_hrg_240s_2025-04-09T08-11-33.fts.fz,hrg,2025-04-08,2460774.8415160878,2460774.8472353877,240.0,27.725313905757396,0.6000086639862009,27.52208838225858,cold,2.2829568041398702
tcrb_hrg_ext_T_CrB_hrg_240s_2025-04-09T08-15-39.fits,rawimage/2025-04-09/ext_T_CrB_hrg_240s_2025-04-09T08-15-39.fts.fz,hrg,2025-04-08,2460774.844406713,2460774.8501261203,240.0,28.073341454814233,0.6429004416048889,27.828927839489698,cold,2.141183484506943
tcrb_lrg_ext_T_CrB_lrg_240s_2025-04-10T08-02-40.fits,rawimage/2025-04-10/ext_T_CrB_lrg_240s_2025-04-10T08-02-40.fts.fz,lrg,2025-04-09,2460775.8351928242,2460775.8409480075,240.0,28.126881574127545,0.9697774305639788,27.818484242766274,cold,14.57835827275344
tcrb_lrg_ext_T_CrB_lrg_240s_2025-04-10T08-06-46.fits,rawimage/2025-04-10/ext_T_CrB_lrg_240s_2025-04-10T08-06-46.fts.fz,lrg,2025-04-09,2460775.8380891206,2460775.843844409,240.0,28.64087365363046,0.8600828227793879,28.75528269698031,cold,14.439516172860726
tcrb_lrg_ext_T_CrB_lrg_240s_2025-04-10T08-10-51.fits,rawimage/2025-04-10/ext_T_CrB_lrg_240s_2025-04-10T08-10-51.fts.fz,lrg,2025-04-09,2460775.84098287,2460775.846738276,240.0,28.206236973239744,1.105864480752107,28.72977195026437,cold,14.72037175223022
tcrb_lrg_ext_T_CrB_lrg_240s_2025-04-10T08-14-57.fits,rawimage/2025-04-10/ext_T_CrB_lrg_240s_2025-04-10T08-14-57.fts.fz,lrg,2025-04-09,2460775.843878588,2460775.849634099,240.0,29.20953348913201,1.3171147679708421,29.109821201555647,cold,14.60643577247252
tcrb_hrg_ext_T_CrB_hrg_240s_2025-04-10T08-19-10.fits,rawimage/2025-04-10/ext_T_CrB_hrg_240s_2025-04-10T08-19-10.fts.fz,hrg,2025-04-09,2460775.8468663194,2460775.852621938,240.0,29.778311211459595,0.7019570724280405,29.657721960168256,cold,2.1810811172362254
tcrb_hrg_ext_T_CrB_hrg_240s_2025-04-10T08-23-16.fits,rawimage/2025-04-10/ext_T_CrB_hrg_240s_2025-04-10T08-23-16.fts.fz,hrg,2025-04-09,2460775.851193287,2460775.8569490616,240.0,28.988062641976057,0.6020392964735936,28.996347513227853,cold,2.1910967307701354
tcrb_hrg_ext_T_CrB_hrg_240s_2025-04-10T08-27-21.fits,rawimage/2025-04-10/ext_T_CrB_hrg_240s_2025-04-10T08-27-21.fts.fz,hrg,2025-04-09,2460775.854086227,2460775.8598421062,240.0,29.053283660328557,0.6145543864718919,28.858868095559277,cold,2.1951899001345767
tcrb_lrg_ext_T_CrB_lrg_240s_2025-04-11T08-36-03.fits,rawimage/2025-04-11/ext_T_CrB_lrg_240s_2025-04-11T08-36-03.fts.fz,lrg,2025-04-10,2460776.8732891204,2460776.8790807324,240.0,30.625996046469375,1.063070907924912,29.344978010424356,cold,7.781044437909654
tcrb_lrg_ext_T_CrB_lrg_240s_2025-04-11T08-44-14.fits,rawimage/2025-04-11/ext_T_CrB_lrg_240s_2025-04-11T08-44-14.fts.fz,lrg,2025-04-10,2460776.876189352,2460776.881981065,240.0,32.25537228754181,1.10720775392302,32.298325516208756,cold,9.311010772054917
tcrb_hrg_ext_T_CrB_hrg_240s_2025-04-11T08-48-27.fits,rawimage/2025-04-11/ext_T_CrB_hrg_240s_2025-04-11T08-48-27.fts.fz,hrg,2025-04-10,2460776.8791844905,2460776.884976308,240.0,30.94443981799321,0.6954823124696733,31.143445221660638,cold,2.028557399680458
tcrb_hrg_ext_T_CrB_hrg_240s_2025-04-11T08-52-33.fits,rawimage/2025-04-11/ext_T_CrB_hrg_240s_2025-04-11T08-52-33.fts.fz,hrg,2025-04-10,2460776.882076852,2460776.887868783,240.0,30.46333630124333,0.6650638944271332,30.65092210826017,cold,1.9963807797219935
tcrb_lrg_ext_T_CrB_lrg_240s_2025-04-17T07-49-36.fits,rawimage/2025-04-17/ext_T_CrB_lrg_240s_2025-04-17T07-49-36.fts.fz,lrg,2025-04-16,2460782.836928241,2460782.8370302413,240.0,21.717366413441596,0.6856309230955459,21.82014779922946,warm,15.407544106884217
tcrb_lrg_ext_T_CrB_lrg_240s_2025-04-17T07-53-41.fits,rawimage/2025-04-17/ext_T_CrB_lrg_240s_2025-04-17T07-53-41.fts.fz,lrg,2025-04-16,2460782.8398197917,2460782.8399216426,240.0,22.380748389017032,0.5773606649785478,22.15405239049174,warm,16.26020661180216
tcrb_hrg_ext_T_CrB_hrg_240s_2025-04-17T07-57-55.fits,rawimage/2025-04-17/ext_T_CrB_hrg_240s_2025-04-17T07-57-55.fts.fz,hrg,2025-04-16,2460782.842805903,2460782.842907599,240.0,22.64631637407353,0.5761618011406816,22.93526263829001,warm,2.7615830647248596
tcrb_lrg_ext_T_CrB_lrg_240s_2025-04-20T08-52-31.fits,rawimage/2025-04-20/ext_T_CrB_lrg_240s_2025-04-20T08-52-31.fts.fz,lrg,2025-04-19,2460785.8830846064,2460785.889143839,240.0,20.996725243305267,0.6339944101336682,20.906110116137594,cold,12.069571190337198
tcrb_lrg_ext_T_CrB_lrg_240s_2025-04-20T08-56-37.fits,rawimage/2025-04-20/ext_T_CrB_lrg_240s_2025-04-20T08-56-37.fts.fz,lrg,2025-04-19,2460785.885975463,2460785.892034752,240.0,20.574084064761546,0.5513953083765929,20.385562334877964,cold,11.873221308741343
tcrb_lrg_ext_T_CrB_lrg_240s_2025-04-20T09-00-42.fits,rawimage/2025-04-20/ext_T_CrB_lrg_240s_2025-04-20T09-00-42.fts.fz,lrg,2025-04-19,2460785.888867014,2460785.8949263906,240.0,20.58988215415224,0.6350030591315827,20.46639037407973,cold,12.143946992303121
tcrb_hrg_ext_T_CrB_hrg_240s_2025-04-20T09-04-56.fits,rawimage/2025-04-20/ext_T_CrB_hrg_240s_2025-04-20T09-04-56.fts.fz,hrg,2025-04-19,2460785.8918609954,2460785.897920446,240.0,22.280525846028375,0.5500743287447227,22.574140291643033,cold,1.7356536310893853
tcrb_hrg_ext_T_CrB_hrg_240s_2025-04-20T09-09-02.fits,rawimage/2025-04-20/ext_T_CrB_hrg_240s_2025-04-20T09-09-02.fts.fz,hrg,2025-04-19,2460785.894751273,2460785.9008107954,240.0,22.72690008552821,0.49524861043853297,22.846725436809535,cold,1.7024018476879765
tcrb_lrg_ext_T_CrB_lrg_240s_2025-04-21T08-52-31.fits,rawimage/2025-04-21/ext_T_CrB_lrg_240s_2025-04-21T08-52-31.fts.fz,lrg,2025-04-20,2460786.8809475694,2460786.8870309507,240.0,24.124318271747022,0.6809474692596587,24.080323702772812,cold,12.724949512685733
tcrb_lrg_ext_T_CrB_lrg_240s_2025-04-21T08-56-37.fits,rawimage/2025-04-21/ext_T_CrB_lrg_240s_2025-04-21T08-56-37.fts.fz,lrg,2025-04-20,2460786.883833681,2460786.8899171464,240.0,23.786526918736474,0.6485160445233596,23.301188119812153,cold,10.679227140405654
tcrb_lrg_ext_T_CrB_lrg_240s_2025-04-21T09-00-42.fits,rawimage/2025-04-21/ext_T_CrB_lrg_240s_2025-04-21T09-00-42.fts.fz,lrg,2025-04-20,2460786.8867180557,2460786.8928015893,240.0,24.064269214745604,0.7308920433685206,23.89521941332908,cold,10.365445156636465
tcrb_hrg_ext_T_CrB_hrg_240s_2025-04-21T09-04-56.fits,rawimage/2025-04-21/ext_T_CrB_hrg_240s_2025-04-21T09-04-56.fts.fz,hrg,2025-04-20,2460786.8897092594,2460786.895792864,240.0,25.296646486010477,0.5407415755129611,25.35517675782657,cold,1.597020231699399
tcrb_hrg_ext_T_CrB_hrg_240s_2025-04-21T09-09-02.fits,rawimage/2025-04-21/ext_T_CrB_hrg_240s_2025-04-21T09-09-02.fts.fz,hrg,2025-04-20,2460786.89259456,2460786.898678217,240.0,24.742746055469233,0.5566892282455607,24.868034833352354,cold,1.9283915849023032
tcrb_lrg_ext_T_CrB_lrg_240s_2025-04-25T09-29-44.fits,rawimage/2025-04-25/ext_T_CrB_lrg_240s_2025-04-25T09-29-44.fts.fz,lrg,2025-04-24,2460790.908330324,2460790.9144997546,240.0,20.52934712841768,0.7157595905644589,20.175924045980977,cold,13.191532083561704
tcrb_lrg_ext_T_CrB_lrg_240s_2025-04-25T09-33-49.fits,rawimage/2025-04-25/ext_T_CrB_lrg_240s_2025-04-25T09-33-49.fts.fz,lrg,2025-04-24,2460790.9112239582,2460790.917393443,240.0,20.60279198575537,0.728917918731077,20.57268511629026,cold,13.096622890795993
tcrb_lrg_ext_T_CrB_lrg_240s_2025-04-25T09-37-55.fits,rawimage/2025-04-25/ext_T_CrB_lrg_240s_2025-04-25T09-37-55.fts.fz,lrg,2025-04-24,2460790.9141175924,2460790.920287148,240.0,19.996025397841077,0.6045425921255222,19.748911900363733,cold,13.258341712980831
tcrb_hrg_ext_T_CrB_hrg_240s_2025-04-25T09-42-08.fits,rawimage/2025-04-25/ext_T_CrB_hrg_240s_2025-04-25T09-42-08.fts.fz,hrg,2025-04-24,2460790.917106713,2460790.9232763085,240.0,23.079284817313322,0.5622754583988345,23.24454434403851,cold,2.129084178538378
tcrb_hrg_ext_T_CrB_hrg_240s_2025-04-25T09-46-14.fits,rawimage/2025-04-25/ext_T_CrB_hrg_240s_2025-04-25T09-46-14.fts.fz,hrg,2025-04-24,2460790.9200011576,2460790.9261708073,240.0,24.020007190944867,0.5875643026753187,23.926339014257486,cold,2.0336253329516762
tcrb_lrg_ext_T_CrB_lrg_240s_2025-04-26T07-01-09.fits,rawimage/2025-04-26/ext_T_CrB_lrg_240s_2025-04-26T07-01-09.fts.fz,lrg,2025-04-25,2460791.8060914353,2460791.8122769324,240.0,19.40001272482103,0.8799166061821465,19.46349564277514,cold,13.995863180537983
tcrb_lrg_ext_T_CrB_lrg_240s_2025-04-26T07-06-25.fits,rawimage/2025-04-26/ext_T_CrB_lrg_240s_2025-04-26T07-06-25.fts.fz,lrg,2025-04-25,2460791.809528125,2460791.815713719,240.0,18.70740700884632,0.721356263075989,18.43171513971763,cold,16.385331371550674
tcrb_hrg_ext_T_CrB_hrg_240s_2025-04-26T07-11-50.fits,rawimage/2025-04-26/ext_T_CrB_hrg_240s_2025-04-26T07-11-50.fts.fz,hrg,2025-04-25,2460791.814174537,2460791.8203602843,240.0,22.88737271544567,0.596932728207631,22.703058429446745,cold,2.5876195255596217
tcrb_hrg_ext_T_CrB_hrg_240s_2025-04-26T07-17-06.fits,rawimage/2025-04-26/ext_T_CrB_hrg_240s_2025-04-26T07-17-06.fts.fz,hrg,2025-04-25,2460791.817708912,2460791.8238947745,240.0,22.811740792474534,0.611670125602619,22.793034435880188,cold,2.611548750425954
tcrb_lrg_ext_T_CrB_lrg_240s_2025-04-28T04-14-00.fits,rawimage/2025-04-28/ext_T_CrB_lrg_240s_2025-04-28T04-14-00.fts.fz,lrg,2025-04-27,2460793.676865972,2460793.683082423,240.0,19.512223502292695,0.662760308886657,19.555173802433565,cold,20.466130889500718
tcrb_lrg_ext_T_CrB_lrg_240s_2025-04-28T04-19-15.fits,rawimage/2025-04-28/ext_T_CrB_lrg_240s_2025-04-28T04-19-15.fts.fz,lrg,2025-04-27,2460793.6803229167,2460793.6865395117,240.0,19.649105079746104,0.6838032670933393,19.697305532770272,cold,18.852198668279538
tcrb_lrg_ext_T_CrB_lrg_240s_2025-04-28T04-24-31.fits,rawimage/2025-04-28/ext_T_CrB_lrg_240s_2025-04-28T04-24-31.fts.fz,lrg,2025-04-27,2460793.683769792,2460793.689986496,240.0,19.879508904426128,0.6933697174921024,19.78836580572798,cold,16.994812769934093
tcrb_hrg_ext_T_CrB_hrg_240s_2025-04-28T04-29-54.fits,rawimage/2025-04-28/ext_T_CrB_hrg_240s_2025-04-28T04-29-54.fts.fz,hrg,2025-04-27,2460793.6874359953,2460793.693652813,240.0,22.531956756178065,0.5924533600201564,22.09606089234473,cold,2.7970835401670433
tcrb_hrg_ext_T_CrB_hrg_240s_2025-04-28T04-35-10.fits,rawimage/2025-04-28/ext_T_CrB_hrg_240s_2025-04-28T04-35-10.fts.fz,hrg,2025-04-27,2460793.691192477,2460793.6974094436,240.0,22.16412776941192,0.595299424166317,22.158842608229392,cold,2.986582988320133
tcrb_lrg_ext_T_CrB_lrg_240s_2025-04-29T04-14-00.fits,rawimage/2025-04-29/ext_T_CrB_lrg_240s_2025-04-29T04-14-00.fts.fz,lrg,2025-04-28,2460794.6765385414,2460794.6827703197,240.0,21.02905634509923,0.5485529586548249,20.92159021873781,cold,17.994718662330794
tcrb_lrg_ext_T_CrB_lrg_240s_2025-04-29T04-19-15.fits,rawimage/2025-04-29/ext_T_CrB_lrg_240s_2025-04-29T04-19-15.fts.fz,lrg,2025-04-28,2460794.6800398147,2460794.6862717173,240.0,20.66352541204138,0.6146541979880441,20.567473465467494,cold,16.29185763007416
tcrb_lrg_ext_T_CrB_lrg_240s_2025-04-29T04-24-31.fits,rawimage/2025-04-29/ext_T_CrB_lrg_240s_2025-04-29T04-24-31.fts.fz,lrg,2025-04-28,2460794.6836912036,2460794.689923215,240.0,21.033207635820357,0.6176811657066418,20.90071469106183,cold,15.776621789531331
tcrb_hrg_ext_T_CrB_hrg_240s_2025-04-29T04-29-54.fits,rawimage/2025-04-29/ext_T_CrB_hrg_240s_2025-04-29T04-29-54.fts.fz,hrg,2025-04-28,2460794.6874361113,2460794.6936682337,240.0,22.991363524901047,0.5334491723351832,23.008312500018498,cold,2.5879243757607853
tcrb_hrg_ext_T_CrB_hrg_240s_2025-04-29T04-35-10.fits,rawimage/2025-04-29/ext_T_CrB_hrg_240s_2025-04-29T04-35-10.fts.fz,hrg,2025-04-28,2460794.6911877315,2460794.6974200164,240.0,23.132349565218618,0.5791789864555569,23.23138641447853,cold,2.7323841317585122
tcrb_lrg_ext_T_CrB_lrg_240s_2025-05-01T08-13-04.fits,rawimage/2025-05-01/ext_T_CrB_lrg_240s_2025-05-01T08-13-04.fts.fz,lrg,2025-04-30,2460796.8563545137,2460796.862616896,240.0,22.238159057159194,0.8111863726043568,21.726554980730675,cold,13.293880167328902
tcrb_lrg_ext_T_CrB_lrg_240s_2025-05-01T08-18-19.fits,rawimage/2025-05-01/ext_T_CrB_lrg_240s_2025-05-01T08-18-19.fts.fz,lrg,2025-04-30,2460796.8598056715,2460796.866067979,240.0,23.16422746800942,0.8120066696886905,22.755732644923334,cold,13.605041306911568
tcrb_lrg_ext_T_CrB_lrg_240s_2025-05-01T08-23-35.fits,rawimage/2025-05-01/ext_T_CrB_lrg_240s_2025-05-01T08-23-35.fts.fz,lrg,2025-04-30,2460796.8632300925,2460796.869492477,240.0,22.553757648065712,1.103490134095941,23.448164540333096,cold,13.008684576873243
tcrb_hrg_ext_T_CrB_hrg_240s_2025-05-01T08-34-14.fits,rawimage/2025-05-01/ext_T_CrB_hrg_240s_2025-05-01T08-34-14.fts.fz,hrg,2025-04-30,2460796.8701847224,2460796.8764472427,240.0,24.99611744964823,0.6047359217015336,25.257646683141225,cold,1.8538624205274847
tcrb_lrg_ext_T_CrB_lrg_240s_2025-05-03T10-51-14.fits,rawimage/2025-05-03/ext_T_CrB_lrg_240s_2025-05-03T10-51-14.fts.fz,lrg,2025-05-02,2460798.9645028934,2460798.970788191,240.0,22.434206149185744,0.7840109426421934,22.2453656095448,cold,14.411007987603318
tcrb_hrg_ext_T_CrB_hrg_240s_2025-05-03T11-01-55.fits,rawimage/2025-05-03/ext_T_CrB_hrg_240s_2025-05-03T11-01-55.fts.fz,hrg,2025-05-02,2460798.9713684027,2460798.9776537432,240.0,24.192929395823377,0.5534408752752824,23.932340390524104,cold,3.0614683767764888
tcrb_hrg_ext_T_CrB_hrg_240s_2025-05-03T11-07-11.fits,rawimage/2025-05-03/ext_T_CrB_hrg_240s_2025-05-03T11-07-11.fts.fz,hrg,2025-05-02,2460798.9749006946,2460798.981186103,240.0,24.706943633490095,0.544355510460659,24.761267107085434,cold,2.7014349298826894
tcrb_lrg_ext_T_CrB_lrg_240s_2025-05-04T06-45-18.fits,rawimage/2025-05-04/ext_T_CrB_lrg_240s_2025-05-04T06-45-18.fts.fz,lrg,2025-05-03,2460799.7951940973,2460799.8014861317,240.0,20.969248622598187,0.8246193877861087,20.865789668528464,cold,14.386726531018482
tcrb_lrg_ext_T_CrB_lrg_240s_2025-05-04T06-50-34.fits,rawimage/2025-05-04/ext_T_CrB_lrg_240s_2025-05-04T06-50-34.fts.fz,lrg,2025-05-03,2460799.798628125,2460799.8049202454,240.0,20.597147872670533,0.6251010944877179,20.426200352648305,cold,14.103499182591118
tcrb_hrg_ext_T_CrB_hrg_240s_2025-05-04T06-55-59.fits,rawimage/2025-05-04/ext_T_CrB_hrg_240s_2025-05-04T06-55-59.fts.fz,hrg,2025-05-03,2460799.802048264,2460799.808340452,240.0,24.25241790701979,0.5525204662680643,24.217451795542928,cold,2.59611978391332
tcrb_hrg_ext_T_CrB_hrg_240s_2025-05-04T07-01-15.fits,rawimage/2025-05-04/ext_T_CrB_hrg_240s_2025-05-04T07-01-15.fts.fz,hrg,2025-05-03,2460799.8055831017,2460799.8118753764,240.0,23.857310515094788,0.6234417899779232,23.705349020886835,cold,2.4482540612940147
tcrb_lrg_ext_T_CrB_lrg_240s_2025-05-07T06-47-52.fits,rawimage/2025-05-07/ext_T_CrB_lrg_240s_2025-05-07T06-47-52.fts.fz,lrg,2025-05-06,2460802.7971483795,2460802.8034616723,240.0,27.68219316073022,0.7671238647574455,27.166607300758596,cold,12.990276854364096
tcrb_lrg_ext_T_CrB_lrg_240s_2025-05-07T06-53-08.fits,rawimage/2025-05-07/ext_T_CrB_lrg_240s_2025-05-07T06-53-08.fts.fz,lrg,2025-05-06,2460802.8006074075,2460802.8069207375,240.0,27.098540634481328,0.6981549770027231,27.23703483290096,cold,13.40286169890944
tcrb_hrg_ext_T_CrB_hrg_240s_2025-05-07T06-58-33.fits,rawimage/2025-05-07/ext_T_CrB_hrg_240s_2025-05-07T06-58-33.fts.fz,hrg,2025-05-06,2460802.80405,2460802.8103633863,240.0,30.20032039054964,0.6704365522310568,29.964963901079383,cold,2.3073948113338476
tcrb_hrg_ext_T_CrB_hrg_240s_2025-05-07T07-03-49.fits,rawimage/2025-05-07/ext_T_CrB_hrg_240s_2025-05-07T07-03-49.fts.fz,hrg,2025-05-06,2460802.808801505,2460802.8151148926,240.0,29.602361419520882,0.6107580014703212,29.52259066894101,cold,2.293093486232907
tcrb_lrg_ext_T_CrB_lrg_240s_2025-05-09T06-49-35.fits,rawimage/2025-05-09/ext_T_CrB_lrg_240s_2025-05-09T06-49-35.fts.fz,lrg,2025-05-08,2460804.8001185185,2460804.8064393927,240.0,28.829573439353037,0.7483427963381237,28.406577515946488,cold,13.745814696537659
tcrb_hrg_ext_T_CrB_hrg_240s_2025-05-09T07-00-16.fits,rawimage/2025-05-09/ext_T_CrB_hrg_240s_2025-05-09T07-00-16.fts.fz,hrg,2025-05-08,2460804.8035548613,2460804.8098757644,240.0,33.597336282902226,0.6528585560809753,33.655990066019186,cold,2.349068856171284
tcrb_hrg_ext_T_CrB_hrg_240s_2025-05-09T07-05-33.fits,rawimage/2025-05-09/ext_T_CrB_hrg_240s_2025-05-09T07-05-33.fts.fz,hrg,2025-05-08,2460804.8070974536,2460804.8134184247,240.0,33.55415865614294,0.7053219823165573,33.199579941577575,cold,2.734815101745566
tcrb_lrg_ext_T_CrB_lrg_240s_2025-05-10T08-11-08.fits,rawimage/2025-05-10/ext_T_CrB_lrg_240s_2025-05-10T08-11-08.fts.fz,lrg,2025-05-09,2460805.853957523,2460805.860281553,240.0,27.266117595737008,0.7769366081403156,27.16825876906568,cold,13.696987644228145
tcrb_lrg_ext_T_CrB_lrg_240s_2025-05-10T08-16-24.fits,rawimage/2025-05-10/ext_T_CrB_lrg_240s_2025-05-10T08-16-24.fts.fz,lrg,2025-05-09,2460805.857404745,2460805.863728819,240.0,27.64432727717075,0.7890941413651227,26.67695748649661,cold,14.417837535004852
tcrb_hrg_ext_T_CrB_hrg_240s_2025-05-10T08-21-49.fits,rawimage/2025-05-10/ext_T_CrB_hrg_240s_2025-05-10T08-21-49.fts.fz,hrg,2025-05-09,2460805.8608304397,2460805.8671544986,240.0,31.584451478047264,0.582622450964694,31.275658534555994,cold,2.555745380533124
tcrb_hrg_ext_T_CrB_hrg_240s_2025-05-10T08-27-05.fits,rawimage/2025-05-10/ext_T_CrB_hrg_240s_2025-05-10T08-27-05.fts.fz,hrg,2025-05-09,2460805.8655597223,2460805.871883768,240.0,30.98521978924279,0.5670896490760137,30.85088465309025,cold,2.462553214029207
tcrb_lrg_ext_T_CrB_lrg_240s_2025-05-11T06-51-18.fits,rawimage/2025-05-11/ext_T_CrB_lrg_240s_2025-05-11T06-51-18.fts.fz,lrg,2025-05-10,2460806.7998232637,2460806.806147947,240.0,28.503479219380456,0.6971274733605021,28.036557498289227,cold,18.945462322310366
tcrb_lrg_ext_T_CrB_lrg_240s_2025-05-11T06-56-34.fits,rawimage/2025-05-11/ext_T_CrB_lrg_240s_2025-05-11T06-56-34.fts.fz,lrg,2025-05-10,2460806.8035774305,2460806.8099021357,240.0,26.867401258217722,0.7210651668859359,26.37538187366894,cold,23.09192589425419
tcrb_hrg_ext_T_CrB_hrg_240s_2025-05-11T07-07-15.fits,rawimage/2025-05-11/ext_T_CrB_hrg_240s_2025-05-11T07-07-15.fts.fz,hrg,2025-05-10,2460806.8117971066,2460806.818121934,240.0,31.006049220494226,0.6796821559096061,30.371009632602338,cold,4.559979125885415
tcrb_lrg_ext_T_CrB_lrg_240s_2025-05-15T08-15-21.fits,rawimage/2025-05-15/ext_T_CrB_lrg_240s_2025-05-15T08-15-21.fts.fz,lrg,2025-05-14,2460810.857050463,2460810.8633678756,240.0,27.73316653290461,0.956949881959165,27.855848902773914,cold,14.13304672337992
tcrb_lrg_ext_T_CrB_lrg_240s_2025-05-15T08-20-37.fits,rawimage/2025-05-15/ext_T_CrB_lrg_240s_2025-05-15T08-20-37.fts.fz,lrg,2025-05-14,2460810.860503241,2460810.8668206567,240.0,26.98549996932729,0.6083837942284481,26.569267854108073,cold,16.487299544160898
tcrb_hrg_ext_T_CrB_hrg_240s_2025-05-15T08-26-02.fits,rawimage/2025-05-15/ext_T_CrB_hrg_240s_2025-05-15T08-26-02.fts.fz,hrg,2025-05-14,2460810.863999074,2460810.870316473,240.0,30.276788154526027,0.679557371942726,31.03608676539264,cold,2.971723285802669
tcrb_hrg_ext_T_CrB_hrg_240s_2025-05-15T08-31-18.fits,rawimage/2025-05-15/ext_T_CrB_hrg_240s_2025-05-15T08-31-18.fts.fz,hrg,2025-05-14,2460810.8677658564,2460810.874083257,240.0,30.846385971041048,0.6259064535458245,30.46656165929795,cold,2.304883217976068
tcrb_lrg_ext_T_CrB_lrg_240s_2025-05-23T10-24-17.fits,rawimage/2025-05-23/ext_T_CrB_lrg_240s_2025-05-23T10-24-17.fts.fz,lrg,2025-05-22,2460818.948267824,2460818.9545113435,240.0,22.67399996804207,0.6956136053643406,22.664042467259154,cold,14.67347953582243
tcrb_lrg_ext_T_CrB_lrg_240s_2025-05-23T10-32-28.fits,rawimage/2025-05-23/ext_T_CrB_lrg_240s_2025-05-23T10-32-28.fts.fz,lrg,2025-05-22,2460818.9511686345,2460818.9574120906,240.0,23.53756704525805,0.6214363065432417,23.53060589125581,cold,15.798285025718426
tcrb_hrg_ext_T_CrB_hrg_240s_2025-05-23T10-36-42.fits,rawimage/2025-05-23/ext_T_CrB_hrg_240s_2025-05-23T10-36-42.fts.fz,hrg,2025-05-22,2460818.954166898,2460818.960410331,240.0,24.921883354428488,0.523831835542346,24.502793956163803,cold,2.5252005878111636
tcrb_hrg_ext_T_CrB_hrg_240s_2025-05-23T10-40-47.fits,rawimage/2025-05-23/ext_T_CrB_hrg_240s_2025-05-23T10-40-47.fts.fz,hrg,2025-05-22,2460818.9570569443,2460818.9633003348,240.0,24.44712965641012,0.5358076287409306,24.080395004556834,cold,2.1829927451822204
tcrb_lrg_ext_T_CrB_lrg_240s_2025-05-25T06-56-18.fits,rawimage/2025-05-25/ext_T_CrB_lrg_240s_2025-05-25T06-56-18.fts.fz,lrg,2025-05-24,2460820.797218287,2460820.8034315575,240.0,23.79545931714149,0.7008686378514245,23.42521375408184,warm,14.56649113333747
tcrb_lrg_ext_T_CrB_lrg_240s_2025-05-25T07-01-33.fits,rawimage/2025-05-25/ext_T_CrB_lrg_240s_2025-05-25T07-01-33.fts.fz,lrg,2025-05-24,2460820.8006542823,2460820.806867561,240.0,23.061816142494674,1.7359786439867784,22.58659843197871,warm,14.352428162390291
tcrb_lrg_ext_T_CrB_lrg_240s_2025-05-26T06-57-03.fits,rawimage/2025-05-26/ext_T_CrB_lrg_240s_2025-05-26T06-57-03.fts.fz,lrg,2025-05-25,2460821.8015572918,2460821.807753609,240.0,22.71971148905429,0.6313063782055334,22.589537329190396,warm,14.054123457115391
tcrb_lrg_ext_T_CrB_lrg_240s_2025-05-26T07-02-19.fits,rawimage/2025-05-26/ext_T_CrB_lrg_240s_2025-05-26T07-02-19.fts.fz,lrg,2025-05-25,2460821.805025347,2460821.8112216257,240.0,23.241300762759657,0.6005368573410839,23.103216475686697,warm,14.513680363953931
tcrb_lrg_ext_T_CrB_lrg_240s_2025-05-26T07-07-34.fits,rawimage/2025-05-26/ext_T_CrB_lrg_240s_2025-05-26T07-07-34.fts.fz,lrg,2025-05-25,2460821.809712616,2460821.815908875,240.0,23.111147627376365,0.7127768680976226,23.049408266918693,warm,14.7679265075599
tcrb_hrg_ext_T_CrB_hrg_240s_2025-05-26T07-12-58.fits,rawimage/2025-05-26/ext_T_CrB_hrg_240s_2025-05-26T07-12-58.fts.fz,hrg,2025-05-25,2460821.813142361,2460821.8193386025,240.0,26.699572991919574,0.5938484709572446,26.01814693021062,warm,2.260910505615053
tcrb_hrg_ext_T_CrB_hrg_240s_2025-05-26T07-18-14.fits,rawimage/2025-05-26/ext_T_CrB_hrg_240s_2025-05-26T07-18-14.fts.fz,hrg,2025-05-25,2460821.8167167823,2460821.822912962,240.0,25.74182114808764,0.5949508407202047,25.74144920725229,warm,2.253093920285148
tcrb_lrg_ext_T_CrB_lrg_240s_2025-05-27T06-57-48.fits,rawimage/2025-05-27/ext_T_CrB_lrg_240s_2025-05-27T06-57-48.fts.fz,lrg,2025-05-26,2460822.8033457175,2460822.809528955,240.0,23.710704269852165,0.6717087160259818,23.5824419580289,warm,13.328846187229777
tcrb_hrg_ext_T_CrB_hrg_240s_2025-05-27T07-13-43.fits,rawimage/2025-05-27/ext_T_CrB_hrg_240s_2025-05-27T07-13-43.fts.fz,hrg,2025-05-26,2460822.8138069445,2460822.819989949,240.0,27.402882995814714,0.6026542879555875,27.25535869064465,warm,2.1750813840708214
tcrb_hrg_ext_T_CrB_hrg_240s_2025-05-27T07-18-58.fits,rawimage/2025-05-27/ext_T_CrB_hrg_240s_2025-05-27T07-18-58.fts.fz,hrg,2025-05-26,2460822.8173462963,2460822.823529236,240.0,27.718091936647447,0.6487648768671251,27.39781979086552,warm,1.9555449497397883
tcrb_lrg_ext_T_CrB_lrg_240s_2025-05-28T07-03-48.fits,rawimage/2025-05-28/ext_T_CrB_lrg_240s_2025-05-28T07-03-48.fts.fz,lrg,2025-05-27,2460823.806017245,2460823.8121795543,240.0,25.152285814417752,0.7816435253005751,25.051539121388153,warm,13.316502877003373
tcrb_lrg_ext_T_CrB_lrg_240s_2025-05-28T07-09-03.fits,rawimage/2025-05-28/ext_T_CrB_lrg_240s_2025-05-28T07-09-03.fts.fz,lrg,2025-05-27,2460823.8108489583,2460823.8170111943,240.0,23.49330740244331,0.7919150640124873,23.25016042918624,warm,13.33915687169278
tcrb_hrg_ext_T_CrB_hrg_240s_2025-05-28T07-14-27.fits,rawimage/2025-05-28/ext_T_CrB_hrg_240s_2025-05-28T07-14-27.fts.fz,hrg,2025-05-27,2460823.8142895834,2460823.8204517947,240.0,26.880398495296845,0.6061373095832208,26.45046204827971,warm,2.1755740475797527
tcrb_hrg_ext_T_CrB_hrg_240s_2025-05-28T07-19-43.fits,rawimage/2025-05-28/ext_T_CrB_hrg_240s_2025-05-28T07-19-43.fts.fz,hrg,2025-05-27,2460823.817870486,2460823.8240326694,240.0,26.439770721210262,0.6066067399465416,25.943561209948086,warm,2.1021774866558363
tcrb_lrg_ext_T_CrB_lrg_240s_2025-05-29T06-10-52.fits,rawimage/2025-05-29/ext_T_CrB_lrg_240s_2025-05-29T06-10-52.fts.fz,lrg,2025-05-28,2460824.7675189814,2460824.773661453,240.0,24.432787017202834,0.7776096219802747,24.247939006951057,warm,14.149378118490448
tcrb_lrg_ext_T_CrB_lrg_240s_2025-05-29T06-16-08.fits,rawimage/2025-05-29/ext_T_CrB_lrg_240s_2025-05-29T06-16-08.fts.fz,lrg,2025-05-28,2460824.7710012733,2460824.7771437163,240.0,23.936337026926893,0.5723946781357756,23.46988617394286,warm,13.953655366873496
tcrb_hrg_ext_T_CrB_hrg_240s_2025-05-29T06-21-33.fits,rawimage/2025-05-29/ext_T_CrB_hrg_240s_2025-05-29T06-21-33.fts.fz,hrg,2025-05-28,2460824.7744288193,2460824.7805712135,240.0,27.35797126975617,0.6396325405959563,27.353458757720475,warm,2.4990572938153295
tcrb_hrg_ext_T_CrB_hrg_240s_2025-05-29T06-26-49.fits,rawimage/2025-05-29/ext_T_CrB_hrg_240s_2025-05-29T06-26-49.fts.fz,hrg,2025-05-28,2460824.778178009,2460824.7843203694,240.0,27.424586173472058,0.5647440456337635,27.637239591148624,warm,2.3324134490807675
tcrb_lrg_ext_T_CrB_lrg_240s_2025-06-04T03-59-00.fits,rawimage/2025-06-04/ext_T_CrB_lrg_240s_2025-06-04T03-59-00.fts.fz,lrg,2025-06-03,2460830.6661282405,2460830.6721309866,240.0,26.776502040285468,0.771615867235915,26.090401947833406,warm,18.694522862434376
tcrb_lrg_ext_T_CrB_lrg_240s_2025-06-04T04-04-15.fits,rawimage/2025-06-04/ext_T_CrB_lrg_240s_2025-06-04T04-04-15.fts.fz,lrg,2025-06-03,2460830.669623032,2460830.6756257503,240.0,26.00220234346512,0.785755016781614,25.797814267801925,warm,16.581304842350253
tcrb_lrg_ext_T_CrB_lrg_240s_2025-06-04T04-09-31.fits,rawimage/2025-06-04/ext_T_CrB_lrg_240s_2025-06-04T04-09-31.fts.fz,lrg,2025-06-03,2460830.6732746526,2460830.679277317,240.0,24.99825086701411,0.8636472823095003,25.232594406826273,warm,16.6836685564011
tcrb_hrg_ext_T_CrB_hrg_240s_2025-06-04T04-14-54.fits,rawimage/2025-06-04/ext_T_CrB_hrg_240s_2025-06-04T04-14-54.fts.fz,hrg,2025-06-03,2460830.677020023,2460830.683022653,240.0,27.975707774540936,0.6337591375851035,27.226738643635482,warm,2.334222833438598
tcrb_hrg_ext_T_CrB_hrg_240s_2025-06-04T04-20-10.fits,rawimage/2025-06-04/ext_T_CrB_hrg_240s_2025-06-04T04-20-10.fts.fz,hrg,2025-06-03,2460830.680775926,2460830.6867784783,240.0,28.25502759782072,0.6621492158760849,28.050853451488464,warm,2.393555595851948
tcrb_lrg_ext_T_CrB_lrg_240s_2025-06-05T03-26-27.fits,rawimage/2025-06-05/ext_T_CrB_lrg_240s_2025-06-05T03-26-27.fts.fz,lrg,2025-06-04,2460831.646013773,2460831.6519886875,240.0,25.525056917371273,0.732251680147831,25.22266010027177,warm,19.41652850468749
tcrb_lrg_ext_T_CrB_lrg_240s_2025-06-05T03-31-44.fits,rawimage/2025-06-05/ext_T_CrB_lrg_240s_2025-06-05T03-31-44.fts.fz,lrg,2025-06-04,2460831.649454398,2460831.655429346,240.0,26.062617571255448,0.8553324094978302,25.929197398427302,warm,15.562418962259798
tcrb_hrg_ext_T_CrB_hrg_240s_2025-06-05T03-37-09.fits,rawimage/2025-06-05/ext_T_CrB_hrg_240s_2025-06-05T03-37-09.fts.fz,hrg,2025-06-04,2460831.652875463,2460831.658850381,240.0,29.791492742555317,0.6565816659737945,29.426788329767135,warm,2.280266939151061
tcrb_hrg_ext_T_CrB_hrg_240s_2025-06-05T03-42-25.fits,rawimage/2025-06-05/ext_T_CrB_hrg_240s_2025-06-05T03-42-25.fts.fz,hrg,2025-06-04,2460831.6564097223,2460831.662384566,240.0,28.459608062254958,0.6521098297276952,28.360071888517275,warm,2.4391800843798728
tcrb_lrg_ext_T_CrB_lrg_240s_2025-06-06T03-27-03.fits,rawimage/2025-06-06/ext_T_CrB_lrg_240s_2025-06-06T03-27-03.fts.fz,lrg,2025-06-05,2460832.6456324076,2460832.651582307,240.0,27.51845972917761,0.9199903032136983,27.39970639860652,warm,18.356346498336656
tcrb_lrg_ext_T_CrB_lrg_240s_2025-06-06T03-31-09.fits,rawimage/2025-06-06/ext_T_CrB_lrg_240s_2025-06-06T03-31-09.fts.fz,lrg,2025-06-05,2460832.6485225693,2460832.654472388,240.0,27.70101396344745,0.7933508824302326,28.6091593350918,warm,13.83072841113298
tcrb_hrg_ext_T_CrB_hrg_240s_2025-06-06T03-39-28.fits,rawimage/2025-06-06/ext_T_CrB_hrg_240s_2025-06-06T03-39-28.fts.fz,hrg,2025-06-05,2460832.6544,2460832.660349653,240.0,27.4784184218818,0.6817754227238814,31.08050804111157,warm,2.2454670128929206
tcrb_hrg_ext_T_CrB_hrg_240s_2025-06-06T03-43-33.fits,rawimage/2025-06-06/ext_T_CrB_hrg_240s_2025-06-06T03-43-33.fts.fz,hrg,2025-06-05,2460832.657292593,2460832.6632421645,240.0,27.986960406030576,0.6655356720639426,30.603437391646544,warm,2.2397354802288545
tcrb_lrg_ext_T_CrB_lrg_240s_2025-06-07T03-27-37.fits,rawimage/2025-06-07/ext_T_CrB_lrg_240s_2025-06-07T03-27-37.fts.fz,lrg,2025-06-06,2460833.64687419,2460833.6527898205,240.0,25.618062682352342,0.8671545202031842,25.36787484249518,warm,16.751656561276498
tcrb_lrg_ext_T_CrB_lrg_240s_2025-06-07T03-32-54.fits,rawimage/2025-06-07/ext_T_CrB_lrg_240s_2025-06-07T03-32-54.fts.fz,lrg,2025-06-06,2460833.650317824,2460833.65623348,240.0,26.11902284894131,0.7415436759665942,26.05439987455452,warm,15.889935930797344
tcrb_hrg_ext_T_CrB_hrg_240s_2025-06-07T03-38-18.fits,rawimage/2025-06-07/ext_T_CrB_hrg_240s_2025-06-07T03-38-18.fts.fz,hrg,2025-06-06,2460833.653746759,2460833.659662378,240.0,29.322038655293632,0.6922639270041901,29.289179609135836,warm,2.617125622610595
tcrb_hrg_ext_T_CrB_hrg_240s_2025-06-07T03-43-35.fits,rawimage/2025-06-07/ext_T_CrB_hrg_240s_2025-06-07T03-43-35.fts.fz,hrg,2025-06-06,2460833.6575006945,2460833.6634162455,240.0,29.605154177891023,0.6867047320198345,29.28030872574224,warm,2.5156277962401
tcrb_lrg_ext_T_CrB_lrg_240s_2025-06-08T03-59-00.fits,rawimage/2025-06-08/ext_T_CrB_lrg_240s_2025-06-08T03-59-00.fts.fz,lrg,2025-06-07,2460834.666088426,2460834.6719725057,240.0,24.035075233532833,0.8557606401820416,24.02652676695602,warm,18.13227501816915
tcrb_lrg_ext_T_CrB_lrg_240s_2025-06-08T04-04-15.fits,rawimage/2025-06-08/ext_T_CrB_lrg_240s_2025-06-08T04-04-15.fts.fz,lrg,2025-06-07,2460834.6696234955,2460834.6755075934,240.0,22.85381349947444,0.7109552909427427,22.37010133746354,warm,16.346221257855944
tcrb_lrg_ext_T_CrB_lrg_240s_2025-06-08T04-09-31.fits,rawimage/2025-06-08/ext_T_CrB_lrg_240s_2025-06-08T04-09-31.fts.fz,lrg,2025-06-07,2460834.6732747685,2460834.679158818,240.0,23.16682874927822,0.744834919453902,22.862737870154355,warm,16.12276032530341
tcrb_hrg_ext_T_CrB_hrg_240s_2025-06-08T04-14-54.fits,rawimage/2025-06-08/ext_T_CrB_hrg_240s_2025-06-08T04-14-54.fts.fz,hrg,2025-06-07,2460834.677019329,2460834.682903327,240.0,27.063058786149913,0.7211571202668826,26.930060929484245,warm,2.7426510382060174
tcrb_hrg_ext_T_CrB_hrg_240s_2025-06-08T04-20-10.fits,rawimage/2025-06-08/ext_T_CrB_hrg_240s_2025-06-08T04-20-10.fts.fz,hrg,2025-06-07,2460834.6807773146,2460834.6866613184,240.0,26.973094165386424,0.6300619196270503,26.748794362045103,warm,2.5715959806231057
tcrb_lrg_ext_T_CrB_lrg_240s_2025-06-09T03-59-00.fits,rawimage/2025-06-09/ext_T_CrB_lrg_240s_2025-06-09T03-59-00.fts.fz,lrg,2025-06-08,2460835.6662805555,2460835.6721321824,240.0,24.103058100458483,0.9391592407099284,24.075997052539527,warm,17.785271626605503
tcrb_lrg_ext_T_CrB_lrg_240s_2025-06-09T04-04-15.fits,rawimage/2025-06-09/ext_T_CrB_lrg_240s_2025-06-09T04-04-15.fts.fz,lrg,2025-06-08,2460835.6697234954,2460835.6755751185,240.0,23.649087314660065,0.7957166227743395,22.712101844801825,warm,15.4305755319121
tcrb_lrg_ext_T_CrB_lrg_240s_2025-06-09T04-09-31.fits,rawimage/2025-06-09/ext_T_CrB_lrg_240s_2025-06-09T04-09-31.fts.fz,lrg,2025-06-08,2460835.673274537,2460835.679126132,240.0,23.591516263888128,0.7081604711219339,23.34002866808828,warm,15.250867304217472
tcrb_hrg_ext_T_CrB_hrg_240s_2025-06-09T04-14-54.fits,rawimage/2025-06-09/ext_T_CrB_hrg_240s_2025-06-09T04-14-54.fts.fz,hrg,2025-06-08,2460835.677019329,2460835.682870847,240.0,26.740521578994333,0.7161710961066253,25.920168258585583,warm,2.62691556016063
tcrb_hrg_ext_T_CrB_hrg_240s_2025-06-09T04-20-10.fits,rawimage/2025-06-09/ext_T_CrB_hrg_240s_2025-06-09T04-20-10.fts.fz,hrg,2025-06-08,2460835.680772338,2460835.6866237586,240.0,26.937856549633388,0.6788331761560116,26.106210542374157,warm,2.624730058354274
tcrb_lrg_ext_T_CrB_lrg_240s_2025-06-10T03-59-00.fits,rawimage/2025-06-10/ext_T_CrB_lrg_240s_2025-06-10T03-59-00.fts.fz,lrg,2025-06-09,2460836.666263079,2460836.6720812605,240.0,22.98315603541961,0.5816975465701832,22.64549244681764,warm,17.822390902676194
tcrb_lrg_ext_T_CrB_lrg_240s_2025-06-10T04-04-15.fits,rawimage/2025-06-10/ext_T_CrB_lrg_240s_2025-06-10T04-04-15.fts.fz,lrg,2025-06-09,2460836.669708449,2460836.675526623,240.0,23.26288651252569,0.65027277645627,22.79205934189219,warm,16.46379543498295
tcrb_lrg_ext_T_CrB_lrg_240s_2025-06-10T04-09-31.fits,rawimage/2025-06-10/ext_T_CrB_lrg_240s_2025-06-10T04-09-31.fts.fz,lrg,2025-06-09,2460836.6732747685,2460836.679092868,240.0,23.69536855206121,0.5594646515029786,24.03235247805765,warm,17.304345763786728
tcrb_hrg_ext_T_CrB_hrg_240s_2025-06-10T04-14-54.fits,rawimage/2025-06-10/ext_T_CrB_hrg_240s_2025-06-10T04-14-54.fts.fz,hrg,2025-06-09,2460836.6770199076,2460836.6828379896,240.0,26.402066381405124,0.7296375576072502,26.199722541719822,warm,2.6927180742099552
tcrb_hrg_ext_T_CrB_hrg_240s_2025-06-10T04-20-10.fits,rawimage/2025-06-10/ext_T_CrB_hrg_240s_2025-06-10T04-20-10.fts.fz,hrg,2025-06-09,2460836.680796412,2460836.686614328,240.0,25.175631617486488,0.6505329863084909,24.972874474554853,warm,2.8333593123174503
tcrb_lrg_ext_T_CrB_lrg_240s_2025-06-12T03-30-09.fits,rawimage/2025-06-12/ext_T_CrB_lrg_240s_2025-06-12T03-30-09.fts.fz,lrg,2025-06-11,2460838.6484104167,2460838.654158555,240.0,22.39940718247904,0.709941225221125,22.21352710448473,warm,17.685483370102197
tcrb_lrg_ext_T_CrB_lrg_240s_2025-06-12T03-35-26.fits,rawimage/2025-06-12/ext_T_CrB_lrg_240s_2025-06-12T03-35-26.fts.fz,lrg,2025-06-11,2460838.6518570604,2460838.657605163,240.0,22.095391619151005,0.631777170436925,22.067556581517458,warm,16.311846856099272
tcrb_hrg_ext_T_CrB_hrg_240s_2025-06-12T03-40-50.fits,rawimage/2025-06-12/ext_T_CrB_hrg_240s_2025-06-12T03-40-50.fts.fz,hrg,2025-06-11,2460838.6553402776,2460838.6610884457,240.0,25.54186001486427,0.7376291657428901,25.79686323357541,warm,2.7618507838987267
tcrb_hrg_ext_T_CrB_hrg_240s_2025-06-12T03-46-07.fits,rawimage/2025-06-12/ext_T_CrB_hrg_240s_2025-06-12T03-46-07.fts.fz,hrg,2025-06-11,2460838.6591591435,2460838.6649072003,240.0,25.576998333748094,0.641042361474059,25.15742821676961,warm,2.6700265281893314
tcrb_lrg_ext_T_CrB_lrg_240s_2025-06-14T03-31-00.fits,rawimage/2025-06-14/ext_T_CrB_lrg_240s_2025-06-14T03-31-00.fts.fz,lrg,2025-06-13,2460840.6491988427,2460840.6548721315,240.0,23.552742374487494,0.7985885499901069,23.389122364186335,warm,16.82592379230617
