grism,night,jd,phase,ew,ew_err,cont_mag,cont_mag_err,cont_source,cont_flambda,cont_flambda_err,line_flux,line_flux_err
lrg,2025-02-20,2460728.0395297837,0.29448606997382365,34.261715701132495,2.9821644272599106,9.232,0.01,"AAVSO R, same night (126 obs)",4.4162985928356194e-13,4.067411004001606e-15,1.513099668390455e-11,1.3243651657357455e-12
lrg,2025-02-26,2460733.874479668,0.3201282500944975,38.292783010661964,3.0016111005111163,9.1025,0.01,"AAVSO R, same night (40 obs)",4.975748594948311e-13,4.5826644559473945e-15,1.905352612619618e-11,1.5038001360968533e-12
hrg,2025-02-26,2460733.883218171,0.32016665218341966,38.09587237039539,1.114891616350459,9.1025,0.01,"AAVSO R, same night (40 obs)",4.975748594948311e-13,4.5826644559473945e-15,1.8955548342032505e-11,5.815643697883119e-13
lrg,2025-02-27,2460735.034288889,0.3252251296784108,33.32393445857026,2.982181710919209,8.993,0.01,"AAVSO R, same night (43 obs)",5.503746585598859e-13,5.06895060533655e-15,1.834064904950762e-11,1.64998647443404e-12
hrg,2025-03-02,2460738.025928935,0.3383721445524923,34.18020987326569,1.0398841397496539,8.997,0.01,"AAVSO R, same night (182 obs)",5.483507338811463e-13,5.050310259045357e-15,1.8742743168216843e-11,5.957769266527087e-13
lrg,2025-03-09,2460744.913937269,0.3686420789753715,33.15682756483735,2.9923701684081445,9.079,0.01,"AAVSO R, same night (239 obs)",5.084619152903095e-13,4.682934239823752e-15,1.685898404856773e-11,1.529408539178804e-12
hrg,2025-03-09,2460744.9183748844,0.36866158045208053,34.27089694358785,1.138046338254142,9.079,0.01,"AAVSO R, same night (239 obs)",5.084619152903095e-13,4.682934239823752e-15,1.7425445898653495e-11,6.004965134210123e-13
lrg,2025-03-19,2460754.9377799192,0.412692702173441,25.170360857381432,3.0064565489116672,8.826,0.01,"AAVSO R, same night (67 obs)",6.418867767348036e-13,5.911777213727542e-15,1.6156521799996434e-11,1.9355330273376613e-12
hrg,2025-03-19,2460754.942224537,0.4127122344216847,28.288205404735212,1.083892042675298,8.826,0.01,"AAVSO R, same night (67 obs)",6.418867767348036e-13,5.911777213727542e-15,1.8157824986857535e-11,7.155526575356088e-13
lrg,2025-03-21,2460756.9063006947,0.4213435329935291,25.68854360918636,3.0266503244594225,8.836500000000001,0.01,"AAVSO R, same night (150 obs)",6.357091011135069e-13,5.854880821255399e-15,1.6330440966710985e-11,1.9299386758588326e-12
hrg,2025-03-21,2460756.910741551,0.42136304871105157,27.049430537453016,1.0994256967432197,8.836500000000001,0.01,"AAVSO R, same night (150 obs)",6.357091011135069e-13,5.854880821255399e-15,1.71955691725965e-11,7.166334501410467e-13
lrg,2025-03-22,2460757.8636443284,0.42555066045472634,22.14013223845745,2.984839968585851,9.0085,0.01,"AAVSO R, same night (32 obs)",5.425733133620556e-13,4.997100216064532e-15,1.2012644906893923e-11,1.6232692011276806e-12
hrg,2025-03-22,2460757.8695274307,0.4255765142447272,25.143856138231584,1.0641684365020379,9.0085,0.01,"AAVSO R, same night (32 obs)",5.425733133620556e-13,4.997100216064532e-15,1.3642385335619169e-11,5.909022956360358e-13
lrg,2025-03-24,2460759.9250802468,0.4346098147183688,24.253834924492526,2.9802030985316716,8.788,0.01,"AAVSO R, same night (51 obs)",6.647501271008008e-13,6.1223486705983755e-15,1.6122739848738247e-11,1.986647562235894e-12
hrg,2025-03-24,2460759.932413426,0.4346420409949521,26.358172049039776,0.9774811136434782,8.788,0.01,"AAVSO R, same night (51 obs)",6.647501271008008e-13,6.1223486705983755e-15,1.7521598219743967e-11,6.695195986050519e-13
lrg,2025-03-26,2460761.831702546,0.4429886274574728,26.17802115049159,3.015583817890438,8.891,0.01,"AAVSO R, same night (129 obs)",6.045864771520914e-13,5.568241454570762e-15,1.582687758618865e-11,1.82899898046726e-12
hrg,2025-03-26,2460761.8368167826,0.443011102401226,26.644177817369616,1.1491582947765422,8.891,0.01,"AAVSO R, same night (129 obs)",6.045864771520914e-13,5.568241454570762e-15,1.6108709603217398e-11,7.104296170188849e-13
lrg,2025-03-27,2460763.004309722,0.4481417487374828,24.39168896572519,3.0018804620904715,9.065000000000001,0.01,"AAVSO R, same night (42 obs)",5.150607181426485e-13,4.743709214093794e-15,1.2563200835398533e-11,1.550474164814594e-12
hrg,2025-03-27,2460763.012080961,0.44817590010228514,24.60084536813683,0.9910932992936556,9.065000000000001,0.01,"AAVSO R, same night (42 obs)",5.150607181426485e-13,4.743709214093794e-15,1.2670929082228805e-11,5.236426563050309e-13
lrg,2025-04-07,2460773.8439574847,0.4957774964078143,22.19584850423336,2.9848517971235164,8.805,0.01,"AAVSO R, same night (88 obs)",6.544228110821654e-13,6.027234090066745e-15,1.4525469572494273e-11,1.9579308302184595e-12
lrg,2025-04-08,2460774.8356391587,0.500135525287396,28.069442535921485,2.9990270395311227,8.984,0.01,"AAVSO R, same night (338 obs)",5.549558438958348e-13,5.111143322280639e-15,1.557730117020795e-11,1.6704996446561075e-12
hrg,2025-04-08,2460774.8429614003,0.5001677034963747,27.887352513673868,1.0085458968130978,8.984,0.01,"AAVSO R, same night (338 obs)",5.549558438958348e-13,5.111143322280639e-15,1.5476249248246512e-11,5.775629204502519e-13
lrg,2025-04-09,2460775.839535851,0.5045472340965254,28.490056658823715,3.0001247238724957,8.973500000000001,0.01,"AAVSO R, same night (208 obs)",5.603487778364149e-13,5.160812243873381e-15,1.5964368429262083e-11,1.6875337368861855e-12
hrg,2025-04-09,2460775.8507152777,0.5045963630313701,29.22704700066524,0.9793413955509164,8.973500000000001,0.01,"AAVSO R, same night (208 obs)",5.603487778364149e-13,5.160812243873381e-15,1.6377340066590222e-11,5.69124611975012e-13
lrg,2025-04-10,2460776.874739236,0.5090965228117899,31.409647560434408,3.0541262867612318,8.9051,0.014241200880825868,"AAVSO R, same night (117 obs)",5.967857287004403e-13,7.82752875505961e-15,1.8744829407577854e-11,1.8391663500518184e-12
hrg,2025-04-10,2460776.880630671,0.5091224132198549,30.693188205126244,1.027553366961231,8.9051,0.014241200880825868,"AAVSO R, same night (117 obs)",5.967857287004403e-13,7.82752875505961e-15,1.8317256689136024e-11,6.586129113250211e-13
lrg,2025-04-16,2460782.8383740163,0.5353042195755409,22.10949363156087,2.9888248898726926,8.996668540305752,0.030154073790120313,"AAVSO R, interpolated",5.485181630526113e-13,1.5233392647960824e-14,1.2127458832807176e-11,1.6736634853886584e-12
hrg,2025-04-16,2460782.842805903,0.5353236958755399,22.646316374073532,1.0760841342844332,8.997157511847405,0.030154073790120313,"AAVSO R, interpolated",5.482711883415325e-13,1.522653369049797e-14,1.2416322789971601e-11,6.833649136889802e-13
lrg,2025-04-19,2460785.8859756947,0.5486971625690291,20.706291683503228,2.9761007062162967,8.9728,0.013231951371518743,"AAVSO R, same night (35 obs)",5.607101645291663e-13,6.833165749751472e-15,1.1610228216646002e-11,1.6747175343441153e-12
hrg,2025-04-19,2460785.8933061343,0.5487293768046664,22.52702073329071,0.9798228269513148,8.9728,0.013231951371518743,"AAVSO R, same night (35 obs)",5.607101645291663e-13,6.833165749751472e-15,1.2631129501715372e-11,5.705535523477571e-13
lrg,2025-04-20,2460786.8838331015,0.5530823312276238,23.981452126795205,2.9819854249662336,9.052,0.014036561703758374,"AAVSO R, same night (123 obs)",5.212648362323578e-13,6.738741520790769e-15,1.2500687715488031e-11,1.5627822488064337e-12
hrg,2025-04-20,2460786.8911519097,0.5531144943485851,25.027710714086222,0.9874477671417726,9.052,0.014036561703758374,"AAVSO R, same night (123 obs)",5.212648362323578e-13,6.738741520790769e-15,1.3046065526648982e-11,5.416485310733338e-13
lrg,2025-04-24,2460790.9112239582,0.5707810405239342,20.328325644052807,2.9813340442952923,9.062746331706233,0.01414213562373095,"AAVSO R, interpolated",5.161309427083695e-13,6.722557481866386e-15,1.0492077878347698e-11,1.5448151975062695e-12
hrg,2025-04-24,2460790.9185539354,0.5708132527275085,23.52889236592917,0.9947848883430356,9.1115,0.01,"AAVSO R, same night (58 obs)",4.934673567539779e-13,4.5448343557041366e-15,1.1610740323163917e-11,5.024060785582612e-13
lrg,2025-04-25,2460791.8078097804,0.5747211626498996,18.985798073675774,3.0078801781858706,9.1115,0.01,"AAVSO R, same night (58 obs)",4.934673567539779e-13,4.5448343557041366e-15,9.368871591281549e-12,1.4867966656545641e-12
hrg,2025-04-25,2460791.8159417245,0.5747568991651559,22.85047583875912,1.003538833808091,9.1115,0.01,"AAVSO R, same night (58 obs)",4.934673567539779e-13,4.5448343557041366e-15,1.1275963912723098e-11,5.059858944412441e-13
lrg,2025-04-27,2460793.68031956,0.5829500650403525,19.67499141212292,2.981607524180728,8.986,0.033079533240853366,"AAVSO R, same night (11 obs)",5.539345184174221e-13,1.6876307585340846e-14,1.0898656892741226e-11,1.6846615549598916e-12
hrg,2025-04-27,2460793.689314236,0.5829895929024884,22.348913464688053,1.0004702107543717,8.986,0.033079533240853366,"AAVSO R, same night (11 obs)",5.539345184174221e-13,1.6876307585340846e-14,1.2379834617214617e-11,6.703634317109334e-13
lrg,2025-04-28,2460794.6800898532,0.587343640039264,20.917745507997214,2.9753077982211864,8.754,0.01,"AAVSO R, same night (221 obs)",6.858962509380905e-13,6.317104471139814e-15,1.4347403222012371e-11,2.0450260364254855e-12
hrg,2025-04-28,2460794.6893119216,0.5873841671976123,23.056080532569652,0.9892404184912195,8.754,0.01,"AAVSO R, same night (221 obs)",6.858962509380905e-13,6.317104471139814e-15,1.5814079198616215e-11,6.939723375354394e-13
lrg,2025-04-30,2460796.859796759,0.5969225461479493,22.667288694542556,2.999853087647256,9.135,0.01,"AAVSO R, same night (169 obs)",4.829013605905077e-13,4.447521531038576e-15,1.0946064551492434e-11,1.452136797836013e-12
hrg,2025-04-30,2460796.8701847224,0.5969681969294367,24.996117449648228,1.0913797833093548,9.135,0.01,"AAVSO R, same night (169 obs)",4.829013605905077e-13,4.447521531038576e-15,1.2070659125915263e-11,5.386262874918634e-13
lrg,2025-05-02,2460798.9645028934,0.6061718550300261,22.43420614918574,3.057902277988063,9.1815,0.01,"AAVSO R, same night (52 obs)",4.626562453506687e-13,4.261064019679659e-15,1.037932558440516e-11,1.4179834847354097e-12
hrg,2025-05-02,2460798.9731345484,0.6062097875670682,24.454174792664634,0.9876131376385672,9.1815,0.01,"AAVSO R, same night (52 obs)",4.626562453506687e-13,4.261064019679659e-15,1.1313876692723188e-11,4.686561811231785e-13
lrg,2025-05-03,2460799.796911111,0.6098299432526857,20.73288040651434,2.997368824693303,9.063,0.020891728073165382,"AAVSO R, same night (39 obs)",5.160103694405527e-13,9.928700803904071e-15,1.0698381278132261e-11,1.5603118422837241e-12
hrg,2025-05-03,2460799.803815683,0.6098602859765845,24.0785442904836,0.9978726880597564,9.063,0.020891728073165382,"AAVSO R, same night (39 obs)",5.160103694405527e-13,9.928700803904071e-15,1.2424778534923152e-11,5.677049117793417e-13
lrg,2025-05-06,2460802.7988778935,0.6230223398409938,27.36284105144521,3.0004544533191253,9.171,0.01,"AAVSO R, same night (50 obs)",4.671522329068274e-13,4.3024720650718805e-15,1.278261229585723e-11,1.406604360751278e-12
hrg,2025-05-06,2460802.806425752,0.6230555095433084,29.873632752166777,1.014286269403941,9.171,0.01,"AAVSO R, same night (50 obs)",4.671522329068274e-13,4.3024720650718805e-15,1.3955534245213242e-11,4.909493361369605e-13
lrg,2025-05-08,2460804.8001185185,0.6318169608038922,28.829573439353037,3.0491217869203053,9.178,0.01,"AAVSO R, same night (189 obs)",4.641500793561968e-13,4.2748222308705726e-15,1.3381248799681016e-11,1.4206059688550847e-12
hrg,2025-05-08,2460804.8053261572,0.631839846212122,33.57740809257015,1.0268385881124231,9.178,0.01,"AAVSO R, same night (189 obs)",4.641500793561968e-13,4.2748222308705726e-15,1.558495663074184e-11,4.977523826133584e-13
lrg,2025-05-09,2460805.8556811344,0.6364557198780947,27.452099932975962,3.0071141371549714,9.073,0.010015570768575987,"AAVSO R, same night (142 obs)",5.112795579376183e-13,4.716216824041476e-15,1.4035697518191269e-11,1.542917659826422e-12
hrg,2025-05-09,2460805.8608304397,0.6364783489353179,31.584451478047267,1.079325438649346,9.073,0.010015570768575987,"AAVSO R, same night (142 obs)",5.112795579376183e-13,4.716216824041476e-15,1.614848438939816e-11,5.715880780845814e-13
lrg,2025-05-10,2460806.801700347,0.6406130812145201,27.712968501240386,2.997885240780317,9.179972719418048,0.01415315010237487,"AAVSO R, interpolated",4.633075113883424e-13,6.039237152810245e-15,1.2839626469493204e-11,1.3989900179020259e-12
lrg,2025-05-14,2460810.858776852,0.6584422465990798,27.201073553286875,3.0000044059304933,9.135,0.01,"AAVSO R, same night (263 obs)",4.829013605905077e-13,4.447521531038576e-15,1.313543542840471e-11,1.4537486725229125e-12
hrg,2025-05-14,2460810.865882465,0.6584734728161483,30.584852444049897,1.0182308425288353,9.135,0.01,"AAVSO R, same night (263 obs)",4.829013605905077e-13,4.447521531038576e-15,1.4769466858691612e-11,5.101736496812993e-13
lrg,2025-05-22,2460818.9497182295,0.6939985718890775,23.15633812832215,2.9919399337758956,9.097,0.01340558662184068,"AAVSO R, same night (37 obs)",5.001018130683737e-13,6.174529679016275e-15,1.158052668199822e-11,1.5030904070293062e-12
hrg,2025-05-22,2460818.955611921,0.6940244722139379,24.689993642025993,0.9825549308761397,9.097,0.01340558662184068,"AAVSO R, same night (37 obs)",5.001018130683737e-13,6.174529679016275e-15,1.234751058502382e-11,5.144828252474244e-13
lrg,2025-05-24,2460820.7989362846,0.702125116827836,23.701049583079033,3.0313172097148793,9.1265,0.03721665623944481,"AAVSO R, same night (32 obs)",4.866967307951061e-13,1.6682280153956894e-14,1.1535223348497278e-11,1.5273952806753912e-12
lrg,2025-05-25,2460821.8054317515,0.7065482461715376,23.025535874035484,2.979125308154243,9.202,0.01,"AAVSO R, same night (75 obs)",4.5400269308280273e-13,4.181364803292613e-15,1.0453655296486796e-11,1.3559533013896961e-12
hrg,2025-05-25,2460821.814929572,0.7065899851455235,26.22130406625319,1.0015742810896628,9.202,0.01,"AAVSO R, same night (75 obs)",4.5400269308280273e-13,4.181364803292613e-15,1.1904542662221993e-11,4.677489136741572e-13
lrg,2025-05-26,2460822.8033457175,0.7109336633844014,23.710704269852165,3.0319085760901796,9.303,0.01,"AAVSO R, same night (111 obs)",4.1367419366106303e-13,3.8099393236183905e-15,9.808506469967019e-12,1.2574714000488504e-12
hrg,2025-05-26,2460822.8155766204,0.7109874131203315,27.5491296420376,1.0110462751503695,9.303,0.01,"AAVSO R, same night (111 obs)",4.1367419366106303e-13,3.8099393236183905e-15,1.1396363990733994e-11,4.31212877550222e-13
lrg,2025-05-27,2460823.8084331015,0.71535060478887,24.344335602795773,3.008300373412394,9.313,0.01,"AAVSO R, same night (29 obs)",4.098816058571384e-13,3.7750095899442455e-15,9.978295370399039e-12,1.236466943735693e-12
hrg,2025-05-27,2460823.8160800347,0.7153842098827119,26.660289140620534,1.0053873639369761,9.313,0.01,"AAVSO R, same night (29 obs)",4.098816058571384e-13,3.7750095899442455e-15,1.0927562125573174e-11,4.2420157405937564e-13
lrg,2025-05-28,2460824.769260127,0.7195730403097023,24.113074140464906,2.99229291199873,9.128,0.01,"AAVSO R, same night (103 obs)",4.860247986739647e-13,4.476288395787215e-15,1.171955200452984e-11,1.4583284858832622e-12
hrg,2025-05-28,2460824.7763034143,0.7196039926300344,27.395384251875935,1.0031984458549223,9.128,0.01,"AAVSO R, same night (103 obs)",4.860247986739647e-13,4.476288395787215e-15,1.3314836115613904e-11,5.027639850482647e-13
lrg,2025-06-03,2460830.6696753087,0.7455029132079836,25.992391101966827,2.9919912637052395,9.125874150253653,0.015139339336972946,"AAVSO R, interpolated",4.869773577382761e-13,6.790086746232675e-15,1.2657705940135686e-11,1.4676822467498625e-12
hrg,2025-06-03,2460830.6788979745,0.7455434429918477,28.109491178917278,1.0189946003115933,9.127568662096113,0.015139339336972946,"AAVSO R, interpolated",4.862179234544033e-13,6.7794977022378795e-15,1.3667338430373025e-11,5.308392981007547e-13
lrg,2025-06-04,2460831.6477340856,0.7498010751151023,25.752214966740837,3.007770872130713,9.144,0.01,"AAVSO R, same night (1 obs)",4.78914988240021e-13,4.410807041690594e-15,1.2333121727951181e-11,1.4449381067607923e-12
hrg,2025-06-04,2460831.6546425926,0.7498314351330251,29.120416492081603,1.0212504015437842,9.144,0.01,"AAVSO R, same night (1 obs)",4.78914988240021e-13,4.410807041690594e-15,1.3946203921849774e-11,5.056768782297829e-13
lrg,2025-06-05,2460832.6470774887,0.7541927741104537,27.622007054678065,3.0199610846122877,9.2075,0.041410082294593746,"AAVSO R, same night (2 obs)",4.5170867274993403e-13,1.7227575140127724e-14,1.2477100145357943e-11,1.444758803844081e-12
hrg,2025-06-05,2460832.6558462963,0.7542313093762512,27.73913542581502,1.0267828440358475,9.2075,0.041410082294593746,"AAVSO R, same night (2 obs)",4.5170867274993403e-13,1.7227575140127724e-14,1.2530008046425579e-11,6.659460117021147e-13
lrg,2025-06-06,2460833.648596007,0.7585940318326099,25.90649048530384,3.009458589349859,9.291161182055703,0.04260040980606908,"AAVSO R, interpolated",4.182095599352685e-13,1.6408442645651645e-14,1.083434198532614e-11,1.3284321465103724e-12
hrg,2025-06-06,2460833.6556237265,0.7586249157401492,29.464670152446498,1.0321247477887172,9.29176639582978,0.04260040980606908,"AAVSO R, interpolated",4.1797650548375323e-13,1.639929875950616e-14,1.2315539865551034e-11,6.477588223714987e-13
lrg,2025-06-07,2460834.66966223,0.763081193595819,23.274547366613366,2.9885861620358853,9.345,0.01,"AAVSO R, same night (88 obs)",3.9797741705427466e-13,3.66537201106987e-15,9.262744244072157e-12,1.1924453339193756e-12
hrg,2025-06-07,2460834.6788983215,0.7631217823790917,27.01215821075996,1.0259325627484774,9.345,0.01,"AAVSO R, same night (88 obs)",3.9797741705427466e-13,3.66537201106987e-15,1.0750228953779666e-11,4.2013111332612895e-13
lrg,2025-06-08,2460835.669759529,0.7674762056501407,23.734045886584106,2.9914949810346285,9.327,0.01,"AAVSO R, same night (117 obs)",4.0463032612529466e-13,3.726645303613964e-15,9.603514727361236e-12,1.2136767789090158e-12
hrg,2025-06-08,2460835.6788958334,0.7675163559109124,26.844329802925216,1.03453368356001,9.327,0.01,"AAVSO R, same night (117 obs)",4.0463032612529466e-13,3.726645303613964e-15,1.0862029922772596e-11,4.303915888984104e-13
lrg,2025-06-09,2460836.6697487654,0.7718707428135567,23.326824997155107,2.975623855143471,9.178,0.01,"AAVSO R, same night (75 obs)",4.641500793561968e-13,4.2748222308705726e-15,1.0827147673557657e-11,1.3847311905150614e-12
hrg,2025-06-09,2460836.67890816,0.7719109945465168,25.724688652574834,1.0318440561700248,9.178,0.01,"AAVSO R, same night (75 obs)",4.641500793561968e-13,4.2748222308705726e-15,1.1940116279506064e-11,4.913934156671582e-13
lrg,2025-06-11,2460838.6501337383,0.7805737118514142,22.229658624667106,2.9934794630977195,9.306,0.01,"AAVSO R, same night (117 obs)",4.1253274731567056e-13,3.799426602777326e-15,9.170462144323413e-12,1.2377932019475781e-12
hrg,2025-06-11,2460838.6572497105,0.7806049835924274,25.561851079341267,1.0301874507766098,9.306,0.01,"AAVSO R, same night (117 obs)",4.1253274731567056e-13,3.799426602777326e-15,1.0545100652234692e-11,4.3594210423574817e-13
lrg,2025-06-13,2460840.6491988427,0.7893587723051039,23.552742374487494,3.062246162270827,8.992999999999999,0.010485748986481115,"AAVSO R, same night (12 obs)",5.50374658559887e-13,5.315174367243066e-15,1.2962832542507537e-11,1.6900256111380058e-12
